:020000040000FA
:100000000C9473040C94A4040C94A4040C94A40401
:100010000C94A4040C94A4040C94A4040C94A404C0
:100020000C94A4040C94A4040C94A4040C94A404B0
:100030000C94A4040C94A4040C94A4040C94A404A0
:100040000C94A4040C94A4040C94A4040C94A40490
:100050000C94A4040C94A4040C94A4040C94DF3B0E
:100060000C94A4040C94533C0C94293C0C94A404CC
:100070000C94A4040C94A4040C94A4040C94A40460
:100080000C94A4040C94A4040C94A4040C94A40450
:100090000C94A4040C94A4040C94A4040C94A40440
:1000A0000C94A4040C94A4040C94A4040C94A40430
:1000B0000C94A4040C94A4040C94A4040C94A40420
:1000C0000C94A4040C94A4040C94A4040C94A40410
:1000D0000C94A4040C94A4040C94A4040C94A40400
:1000E0000C94A4040C94F53A0C94AF130C94DD0911
:1000F0000C940F0B0C94F4040C9416070C943C0510
:100100000C942A050C944B070C94590B0C94F9048D
:100110000C9414070C94BD410C9413050C942B0BF8
:100120000C9479090C94120B0C948F230C940B05EE
:100130000C94F4150C94093B0C94FB3A0C94350B7D
:100140000C9424050C94152D0C945E060C94073B1E
:100150000C94033B0C94860A0C94740B0C94912E13
:100160000C946A0B0C9443070C94513B0C94C00AFA
:100170000C94E0090C940F3B0C940F050C9438057B
:100180000C944C070C944A050C940F090C94610BC9
:100190000C945C0A0C94300A0C9450090C94770B64
:1001A0000C941A050C94AF060C94F70A0C94C22414
:1001B0000C94530B0C94842E0C9417070C94222E41
:1001C0000C942E050C9446050C94490B0C94150BBD
:1001D0000C94B1090C94A43A0C94200B0C94B00626
:1001E0000C9475050C9438070C9444070C94950AEC
:1001F0000C94B1060C94400B0C947F2E0C940D3B88
:100200000C94D9050C9438090C94020B0C947805C5
:100210000C9429090C94FD3A0C94CE130C943B09D0
:100220000C9447070C9415070C94CB050C94A80A62
:100230000C94A8050C94E81C0C947B050C94FF3AD4
:100240000C949A3B0C9418070C94053B0C944A07A9
:100250000C940B3B0C94C32D0C9432050C94E20AC5
:100260000C94AB0A0C9420050C9435090C94013BBA
:100270000C94560B0C94CF0A0C94E3090C94760959
:100280000C94F73A0C94F93A0C94BF2D0C946A092B
:100290000C94B2060C940D0A0C948E090C94D206A0
:1002A0000C9440050C94B7050C9417050C9480072A
:1002B0000C941106870E00008A0E00008D0E0000BF
:1002C000900E0300950E1300981000009B10000084
:1002D0009E100000A1100300A6101300A912000038
:1002E000AC120000AF120000B2120300B7121300EC
:1002F000BA140000BD140000C0140000C3140300B1
:10030000C8141300CB160000CE160000D116000052
:10031000D4160300D9161300DC180000DF18000003
:10032000E2180000E5180300EA181300ED1A0000B7
:10033000F01A0000F31A0000F61A0300FB1A13006B
:10034000FE1C0000011D0000041D0000071D03002D
:100350000C1D13000F1F0000121F0000151F0000CE
:10036000181F03001D1F130020210000232100007F
:1003700026210000292103002E2113003123000033
:1003800034230000372300003A2303003F231300E7
:100390004225000045250000482500004B250300AC
:1003A000502513005327000056270000592700004E
:1003B0005C270300612713006429000067290000FF
:1003C0006A2900006D29030072291300752B0000B3
:1003D000782B00007B2B00007E2B0000812B00007F
:1003E000E90C0000EC0C0000EF0C0000F20C000027
:1003F000F50C0000F80C0000FB0C0000FE0C0900DE
:10040000070D00000A0D00000F0D0000120D0F0077
:10041000230D0000260D0F00620D0000650D000089
:10042000680D00006B0D0000700D0000730D0F00D3
:10043000840D0000870D0F00C30D0000C80D0000E3
:10044000CB0D0000D40D0000D70D0300DC0D000023
:10045000DF0D0300E40D0000E70D0300EC0D0000CC
:10046000EF0D0000F20D0000F50D0000F80D00008A
:10047000FB0D0300000E0000030E0000060E00003E
:10048000090E00000C0E00000F0E0300140E0000F9
:10049000170E00001A0E00001D0E0300220E0000B1
:1004A000250E0000280E00002B0E00002E0E00006E
:1004B000310E0300360E0000390E00003C0E000025
:1004C0003F0E0300440E0000470E00004A0E0000DD
:1004D0004D0E0300520E0000550E03005A0E000090
:1004E0005D0E0300620E0000650E0300880C09001B
:1004F000910C09009A0C0900A30C0900AC0C000037
:10050000AF0C0900B80C0000BB0C0900C40C0000C3
:10051000C70C0900D00C0000D30C0900A40A00008D
:10052000A70A0000AA0A0000AD0A0000B00A0000F5
:10053000B30A0000B60A0000BE0A0000C10A0000AB
:10054000C40A0000C70A0000CA0A0000CD0A000061
:10055000D00A0000D80A0000DB0A0000DE0A000012
:10056000E10A0000E40A0000E70A0000EA0A0000CD
:10057000F20A0000F50A0000F80A0000FB0A000079
:10058000FE0A0000010B0000040B0000070B000036
:100590000F0B0000120B0000150B0000180B0000E1
:1005A0001B0B00001E0B0000210B0000240B0000A1
:1005B0002C0B00002F0B0000320B0000350B00004D
:1005C000380B00003B0B00003E0B0000410B00000D
:1005D000490B00004C0B00004F0B0000520B0000B9
:1005E000550B0000580B00005B0B0000630B000074
:1005F000660B0000690B00006C0B00006F0B000025
:10060000720B0000750B00007D0B0000800B0000DA
:10061000830B0000860B0000890B00008C0B000090
:100620008F0B0000970B00009A0B00009D0B000041
:10063000A00B0000A30B0000A60B0000A90B0000FC
:10064000AF0B0000B20B0000B50B0000B80B0000B0
:10065000BB0B0000BE0B0000C10B0000C40B000070
:10066000C70B0000CA0B0000CD0B0000D00B000030
:10067000D30B0000D60B0000D90B0000DC0B0000F0
:10068000DF0B0000E20B0000E50B0000E80B0000B0
:10069000EB0B0000EE0B0000F10B0000F40B000070
:1006A000F70B0000FA0B0000FD0B0000000C00002F
:1006B000030C0000060C0000090C00000C0C0000EC
:1006C0000F0C0000120C0000150C0000180C0000AC
:1006D0001B0C00001E0C0000210C0000240C00006C
:1006E000270C00002A0C00002D0C0000300C00002C
:1006F000330C0000360C0000390C00003C0C0000EC
:100700003F0C0000420C0000450C0000480C0000AB
:100710004B0C00004E0C0000510C0000540C00006B
:10072000570C00005A0C0000290A00002C0A000097
:100730002F0A0000320A0000350A00003A0A0000C1
:100740003D0A0F004E0A0000510A0F008D0A0000FA
:10075000900A0000C62D0000BB2D0000B02D000047
:10076000A52D00009A2D00008F2D00007E2D090080
:100770006D2D09005C2D09004B2D0900402D000056
:10078000352D00002A2D00001F2D0000142D000023
:10079000092D0000FE2C0000F32C0000E82C0000C6
:1007A000DD2C0000D22C0000C72C0000BC2C000067
:1007B000B12C0000A62C00009B2C00008E2C030006
:1007C000832C0000302C0300352C09003E2C09003E
:1007D000472C0900502C0900592C0F006A2C0F00DF
:1007E000540728071C05EC04E003B40223000B00A7
:1007F00083000C0043004B0000002200250028006D
:100800002B002E0031003400020100000501080118
:100810000B01050505050705080808080202020284
:100820000A0A08080404040401010101010101018C
:100830000303030303030303040707070C0C0C0C57
:100840000C0C0C0C02020202060606060606060640
:100850000B0B0B0B0B0B0B0B0102102020080810CD
:100860002040102040800201020108040201010220
:1008700004081020408080402010080402018004F9
:100880000201804020100804020108040201010254
:10089000040810204080010204081020408000005D
:1008A0000A0B02090C0D0E080703040100000000EA
:1008B0000000000000000000000000000000000038
:1008C00000000000000000000000121110000000F5
:1008D0000000000000000000000000000000000018
:1008E00000000000BD4111241FBECFEFDFEFDEBFCF
:1008F000CDBF00E00CBF16E0A0E0B2E0E6E9F0EA10
:1009000000E00BBF02C007900D92AE35B107D9F7DA
:100910002DE2AEE5B6E001C01D92A53DB207E1F7BC
:1009200014E0C3E7D4E000E006C021970109802F5E
:10093000FE010E94354EC237D10780E00807A9F7B3
:100940000E9450470C9449500C94000040917B0841
:1009500050917C08EDE7F8E081E090E042305105ED
:1009600030F410927C0810927B080895C90121810F
:1009700021939C012F5F3F4F42175307B9F7909384
:100980007C0880937B080895282F30E0F901E25617
:10099000F74F9491F901E85AF74F44912E5E374F83
:1009A000F9012491222309F435C0992311F19150C2
:1009B0009231F8F4E92FF0E08827EE51FB4F8F4F8A
:1009C0000C94354E13051705F4040B050F05F904B7
:1009D0001A05200524052A052E05320538053C0593
:1009E000F904400546054A05809180008F77809381
:1009F0008000E22FF0E0EE0FFF1FE850F84FA591C6
:100A0000B4918FB7F894EC91611148C040954E2392
:100A10004C938FBF0895809180008F7DE8CF8091A7
:100A20008000877FE4CF84B58F7784BDE2CF84B523
:100A30008F7DFBCF8091B0008F778093B000D9CFAE
:100A40008091B0008F7DF9CF809190008F77809357
:100A50009000CFCF809190008F7DF9CF8091900052
:100A6000877FF5CF8091A0008F778093A000C1CFC2
:100A70008091A0008F7DF9CF8091A000877FF5CF76
:100A8000809120018F7780932001B3CF8091200146
:100A90008F7DF9CF80912001877FF5CF4E2BB8CF86
:100AA0003FB7F8948091770890917808A0917908E1
:100AB000B0917A0826B5A89B05C02F3F19F0019682
:100AC000A11DB11D3FBFBA2FA92F982F8827BC01A8
:100AD000CD01620F711D811D911D42E0660F771FD0
:100AE000881F991F4A95D1F7089581E090E00895F5
:100AF000825F9D4D0895AF92BF92CF92DF92EF92A9
:100B0000FF920F931F93CF93DF936C017B018B01B7
:100B1000040F151FEB015E01AE18BF08C017D10707
:100B200059F06991D601ED91FC910190F081E02D91
:100B3000C6011995892B79F7C501DF91CF911F91D6
:100B40000F91FF90EF90DF90CF90BF90AF900895FE
:100B5000FC01538D448D252F30E0842F90E0821BC3
:100B6000930B541710F0CF96089501970895FC0148
:100B7000918D828D981761F0A28DAE0FBF2FB11DA0
:100B80005D968C91928D9F5F9F73928F90E00895F8
:100B90008FEF9FEF0895FC01918D828D981731F0B2
:100BA000828DE80FF11D858D90E008958FEF9FEF06
:100BB0000895FC01918D228D892F90E0805C9F4FDC
:100BC000821B91098F73992708958DE799E00E9400
:100BD000D90521E0892B09F420E0822F0895FC013A
:100BE000A48DA80FB92FB11DA35ABF4F2C91848D8E
:100BF00090E001968F739927848FA689B7892C93EB
:100C0000A089B1898C91837080648C93938D848D3D
:100C1000981306C00288F389E02D80818F7D808340
:100C20000895EF92FF920F931F93CF93DF93EC0100
:100C300081E0888F9B8D8C8D98131AC0E889F98983
:100C4000808185FF15C09FB7F894EE89FF89608386
:100C5000E889F98980818370806480839FBF81E007
:100C600090E0DF91CF911F910F91FF90EF90089549
:100C7000F62E0B8D10E00F5F1F4F0F731127E02E24
:100C80008C8D8E110CC00FB607FCFACFE889F9895C
:100C9000808185FFF5CFCE010E94EF05F1CFEB8D6E
:100CA000EC0FFD2FF11DE35AFF4FF0829FB7F89430
:100CB0000B8FEA89FB8980818062CFCFCF93DF934E
:100CC000EC01888D8823B9F0AA89BB89E889F98964
:100CD0008C9185FD03C0808186FD0DC00FB607FC99
:100CE000F7CF8C9185FFF2CF808185FFEDCFCE01CC
:100CF0000E94EF05E9CFDF91CF91089580E090E069
:100D0000892B29F00E94E50581110E94000080E0F6
:100D100090E0892B49F080E090E0892B29F00E9437
:100D2000000081110E94000080E090E0892B49F0D2
:100D300080E090E0892B29F00E94000081110E9440
:100D4000000080E090E0892B49F080E090E0892B62
:100D500029F00E94000081110C940000089508956C
:100D6000089508950895FC018AE295E091838083B7
:100D700012821382148215821682178210861186BF
:100D8000128613861486158616861786108A118A8F
:100D9000128A138A148A158A168A81E0878B108E2C
:100DA000118E08950895FC0182E295E0918380837D
:100DB000128213821482158216821782108611867F
:100DC000128613861486158616861786108A118A4F
:100DD000128A138A148A158A168A178A108E118E1F
:100DE00081E0828F138E148E0895FC018AE195E0D4
:100DF0009183808312821382148215821682178255
:100E00001086118612861386148615861686178616
:100E1000108A118A128A138A148A158A168A81E026
:100E2000878B108E118E0895089508950895089562
:100E30000895FC011082118212821382148215829D
:100E400016821782108612861186138615861486DE
:100E5000DC01A35FBE4F11961C921E92168612965D
:100E60001C921196E15FFD4F118210821C92089531
:100E7000FB011082118212821382FA011082118208
:100E8000128213820895089590E080E0089590E022
:100E900080E00895089508950895DC01FB018085A0
:100EA000882329F17185628553854485358526859A
:100EB000978580891896EC911897E11116C07C935C
:100EC00011966C93119712965C93129713964C930C
:100ED000139714963C93149715962C931597169682
:100EE0009C93169717968C931797CD010895708150
:100EF0006181528143813481258196818781DACF56
:100F000082EE95E00895282F8CEE97E0A0E0BB27B5
:100F100030E0220F331F820F931FA11DB11DABBF05
:100F2000FC01879196910895FC018481882329F022
:100F30006581768187819085089560817181828144
:100F400093810895CF93DF93EC01CB010E94940726
:100F50002C81211104C0688379838A839B83DF916C
:100F6000CF910895CF93DF93EC01CB010E949407BA
:100F70002C81211104C0688379838A839B83CE01ED
:100F8000DF91CF9108952F923F924F925F926F928F
:100F90007F928F929F92AF92BF92CF92DF92EF9209
:100FA000FF920F931F93CF93DF93CDB7DEB7E697F2
:100FB0000FB6F894DEBF0FBECDBF6C014B015A01D6
:100FC0003901C701F6011082118212821382148244
:100FD00015821682178210860E9494071B012C012D
:100FE000C8010E9494079B01AC01C201B1010E949B
:100FF000484C6C8F7D8F8E8F9F8F18A219A21AA2DA
:101000001BA21CA2C3010E9494072B013C01C50135
:101010000E9494079B01AC01C301B2010E94484C9D
:101020006A877B878C879D871E861F86188A198A08
:101030001A8AC4010E9494072B013C01C5010E9439
:1010400094079B01AC01C301B2010E94484C698323
:101050007A838B839C831D821E821F821886198649
:10106000CE0101960E9494074B015C01CE010A96C5
:101070000E9494079B01AC01C501B4010E94BA4CC7
:101080006B8B7C8B8D8B9E8B1F8A188E198E1A8E84
:101090001B8ECE0143960E9494074B015C01CE014A
:1010A0004C960E9494079B01AC01C501B4010E94BB
:1010B000A64D6DA37EA38FA398A719A61AA61BA65B
:1010C0001CA61DA6CE0185960E9494074B015C01CB
:1010D000C8010E9494079B01AC01C501B4010E94A4
:1010E000494C6EA77FA788AB99AB1AAA1BAA1CAA6A
:1010F0001DAA1EAABE01625D7F4FC6010E94B207F3
:10110000C601E6960FB6F894DEBF0FBECDBFDF91E5
:10111000CF911F910F91FF90EF90DF90CF90BF90F4
:10112000AF909F908F907F906F905F904F903F9087
:101130002F900895CF93DF93EC01CB010E94940789
:10114000688379838A839B831C821D821E821F820F
:101150001886DF91CF910895FC018281882319F0D0
:10116000838194810895808191810895CF93DF9345
:10117000EC01CB010E94AC082A81211102C09983A5
:101180008883CE01DF91CF910895AF92BF92CF9225
:10119000DF92EF92FF920F931F93CF93DF93EC01B7
:1011A0008B015A017901198218821A821C821B82D2
:1011B000CB010E94AC086C01C5010E94AC08B701CC
:1011C000C816D90609F0B801CE010E94B608CE01B2
:1011D000DF91CF911F910F91FF90EF90DF90CF9013
:1011E000BF90AF900895CF93DF93EC01CB010E94A5
:1011F000AC082A81211102C099838883DF91CF91A5
:101200000895CF93DF93EC01CB010E94AC08998342
:1012100088831A821C821B82DF91CF910895CF931D
:10122000DF9300D01F92CDB7DEB7FB014081518123
:1012300062817381FC012481211104C040835183A8
:10124000628373830F900F900F900F90DF91CF9177
:101250000895CF93DF93EB010E949407688379830D
:101260008A839B83DF91CF910895FC0114820895B6
:10127000FC0114820895CF93DF93FC01EB01888178
:101280009981AA81BB8121E0248385839683A783EA
:10129000B08780839183A283B383DF91CF91089538
:1012A000CF93DF9300D01F92CDB7DEB7FB01408113
:1012B000518162817381FC012481211104C040832A
:1012C0005183628373830F900F900F900F90DF9183
:1012D000CF910895CF93DF93EB010E949407688329
:1012E00079838A839B83DF91CF910895FC011482D7
:1012F0000895CF93DF93FC01EB0188819981AA8146
:10130000BB8121E0248385839683A783B087808374
:101310009183A283B383DF91CF910895FC01DB0118
:10132000808581111DC07C9111966C911197129648
:101330005C91129713964C91139714963C911497C5
:1013400015962C91159716969C91169717968C9139
:101350007083618352834383348325839683878399
:101360000895FC01DB0180858823F1F07185628599
:101370005385448535852685978580897C9311968C
:101380006C93119712965C93129713964C93139744
:1013900014963C93149715962C93159716969C9338
:1013A000169717968C9308957081618152814381BD
:1013B0003481258196818781E1CFFC0110860895D3
:1013C000FC0110860895FC01DB017C9111966C9163
:1013D000119712965C91129713964C91139714964D
:1013E0003C91149715962C91159716969C911697EB
:1013F00017968C91A1E0A0877187628753874487F5
:10140000358726879787808B7083618352834383D8
:1014100034832583968387830895FC01DB018085CF
:1014200081111DC07C9111966C91119712965C915F
:10143000129713964C91139714963C911497159606
:101440002C91159716969C91169717968C917083F0
:1014500061835283438334832583968387830895EE
:10146000FC01DB0180858823F1F07185628553855D
:10147000448535852685978580897C9311966C9364
:10148000119712965C93129713964C931397149698
:101490003C93149715962C93159716969C93169734
:1014A00017968C93089570816181528143813481B4
:1014B000258196818781E1CFFC01DB017C9111962A
:1014C0006C91119712965C91129713964C91139709
:1014D00014963C91149715962C91159716969C91FD
:1014E000169717968C91A1E0A08771876287538722
:1014F0004487358726879787808B708361835283E3
:10150000438334832583968387830895FC01248154
:1015100021110AC0FB014081518162817381FC016C
:1015200040835183628373830895FC0184818823FF
:1015300051F085819681A781B085FB0180839183DD
:10154000A283B383089580819181A281B381F5CF75
:10155000FC0114820895CF93DF93FC01EB01888195
:101560009981AA81BB8121E0248385839683A78307
:10157000B08780839183A283B383DF91CF91089555
:10158000FC01248121110AC0FB014081518162814B
:101590007381FC0140835183628373830895FC014E
:1015A0008481882351F085819681A781B085FB01D4
:1015B00080839183A283B383089580819181A281E6
:1015C000B381F5CFCF93DF93FC01EB018881998143
:1015D000AA81BB8121E0248385839683A783B0877A
:1015E00080839183A283B383DF91CF910895FC011F
:1015F0002281211106C0FB0120813181FC01318350
:1016000020830895FC018281882331F083819481B5
:10161000FB0191838083089580819181F9CFFC0142
:1016200012820895FC0112820895FC01DB018D9164
:101630009C9121E022839483838391838083089506
:10164000FC012281211106C0FB0120813181FC01B6
:10165000318320830895CF93DF93EB010E94AC0880
:1016600099838883DF91CF910895FC01DB018D91EF
:101670009C9121E0228394838383918380830895C6
:10168000FC012181211104C0FB012081FC01208388
:101690000895FC018181882321F08281FB018083F0
:1016A00008958081FBCFFC0111820895FC01118215
:1016B0000895FC01DB018C9191E09183828380830A
:1016C0000895FC012181211104C0FB012081FC014E
:1016D00020830895FC018181882321F08281FB0110
:1016E000808308958081FBCFFC0111820895FC0165
:1016F000DB018C9191E09183828380830895FC01CA
:10170000108211821282138214821582168217822D
:1017100010861186128613861486158616861786FD
:10172000108A0895E0E3FCE2118210821282148292
:1017300013821582168217821086118612861386EE
:101740001486158616861786108A118A128A138ABD
:10175000148A158A168A178A108E118E128E138E8D
:10176000148E158E168E178E10A211A212A213A21D
:1017700014A215A216A217A210A689E59CE20E9447
:101780007F0B8AE69CE20C947F0BCF93DF93EC01F6
:1017900082E195E0998388831A821B821C82CE01A4
:1017A00005960E947F0B1E8A1F8A188ECE014996CD
:1017B0000E947F0B1AA61BA61CA61DA61EA61FA66E
:1017C000CE01C0960E947F0BCE018F5B9F4F0E947F
:1017D0007F0BCE5ADF4F81E0888319821A82DF9116
:1017E000CF9108953F924F925F926F927F928F9226
:1017F0009F92AF92BF92CF92DF92EF92FF920F93A0
:101800001F93CF93DF9386EC95E090931B0A809310
:101810001A0A82EB95E090931D0A80931C0A86ECCD
:101820009DE290931F0A80931E0ACBEBDDE2D093DA
:10183000210AC093200A00EB1DE21093230A0093B3
:10184000220A332433943092240A1092250A1092EB
:10185000260A8EE995E09093280A8093270A109231
:10186000290A10922A0A10922B0A10922C0A10921E
:101870002D0A10922E0A10922F0A1092300A1092FE
:10188000310A1092320A1092330A1092340A1092DE
:10189000350A1092360A1092370A88E39AE00E94BD
:1018A000C50B10928D0A10928E0A10928F0A109218
:1018B000900A1092910A1092920AD093940AC093BF
:1018C000930A85EAC82E8DE2D82ED092960AC0924D
:1018D000950A9AE9E92E9DE2F92EF092980AE09293
:1018E000970A10939A0A0093990A8FE89DE29093C1
:1018F0009C0A80939B0A30929D0A10929E0A109235
:101900009F0A8AE895E09093A10A8093A00A82EA50
:101910009AE00E94F5068CEB9AE00E94F50686EDAF
:101920009AE00E94F50680EF9AE00E94D3068DE0CF
:101930009BE00E94D3068AE29BE00E94D30687E4E4
:101940009BE00E94B30681E69BE00E94B3068BE712
:101950009BE00E94B30685E99BE00E94B3061092CB
:10196000AF0B1092B00B1092B10B1092B20B109201
:10197000B30B1092B40B1092B50B1092B60B1092E1
:10198000B70B1092B80B1092B90B1092BA0B1092C1
:10199000BB0B1092BC0B1092BD0B1092BE0B1092A1
:1019A000BF0B1092C00B1092C10B1092C20B109281
:1019B000C30B1092C40B1092C50B1092C60B109261
:1019C000C70B1092C80B1092C90B1092CA0B109241
:1019D000CB0B1092CC0B1092CD0B1092CE0B109221
:1019E000CF0B1092D00B1092D10B1092D20B109201
:1019F000D30B1092D40B1092D50B1092D60B1092E1
:101A0000D70B1092D80B1092D90B1092DA0B1092C0
:101A1000DB0B1092DC0B1092DD0B1092DE0B1092A0
:101A2000DF0B1092E00B1092E10B1092E20B109280
:101A3000E30B1092E40B1092E50B1092E60B109260
:101A4000E70B1092E80B1092E90B1092EA0B109240
:101A5000EB0B1092EC0B1092ED0B1092EE0B109220
:101A6000EF0B1092F00B1092F10B1092F20B109200
:101A7000F30B1092F40B1092F50B1092F60B1092E0
:101A8000F70B1092F80B1092F90B1092FA0B1092C0
:101A9000FB0B1092FC0B1092FD0B1092FE0B1092A0
:101AA000FF0B1092000C1092010C1092020C10927D
:101AB000030C1092040C1092050C1092060C10925C
:101AC000070C1092080C1092090C10920A0C10923C
:101AD0000B0C10920C0C10920D0C10920E0C10921C
:101AE0000F0C1092100C1092110C1092120C1092FC
:101AF000130C1092140C1092150C1092160C1092DC
:101B0000170C1092180C1092190C10921A0C1092BB
:101B10001B0C10921C0C10921D0C10921E0C10929B
:101B20001F0C1092200C1092210C1092220C10927B
:101B3000230C1092240C1092250C1092260C10925B
:101B4000270C1092280C1092290C10922A0C10923B
:101B50002B0C10922C0C10922D0C10922E0C10921B
:101B60002F0C1092300C1092310C1092320C1092FB
:101B7000330C1092340C1092350C1092360C1092DB
:101B8000370C1092380C1092390C10923A0C1092BB
:101B90003B0C10923C0C10923D0C10923E0C10929B
:101BA0003F0C1092400C1092410C1092420C10927B
:101BB000430C1092440C1092450C1092460C10925B
:101BC000470C1092480C1092490C10924A0C10923B
:101BD0004B0C10924C0C10924D0C10924E0C10921B
:101BE0004F0C1092500C1092510C1092520C1092FB
:101BF000530C1092540C1092550C1092560C1092DB
:101C0000570C1092580C1092590C10925A0C1092BA
:101C10005B0C10925C0CD0935E0CC0935D0C109327
:101C2000600C00935F0CD092620CC092610CF09239
:101C3000640CE092630C20E4622E2DE2722E70920E
:101C4000660C6092650C35E3432E3DE2532E5092B4
:101C5000680C4092670C8FE19DE290936A0C809330
:101C6000690C84E19DE290936C0C80936B0C8AE28A
:101C70009DE290936E0C80936D0C89E09DE29093B1
:101C8000700C80936F0C8EEF9CE29093720C80939B
:101C9000710C83EF9CE29093740C8093730C88EE2C
:101CA0009CE29093760C8093750C8DED9CE2909362
:101CB000780C8093770C82ED9CE290937A0C809361
:101CC000790C87EC9CE290937C0C80937B0C8CEBE2
:101CD0009CE290937E0C80937D0C81EB9CE2909330
:101CE000800C80937F0C86EA9CE29093820C809318
:101CF000810C3092830C1092840C1092850C86E734
:101D000095E09093870C8093860C1092880C10922B
:101D1000890C10928A0C10928B0C10928C0C1092E1
:101D20008D0C10928E0C10928F0C1092900C1092C1
:101D3000910C1092920C1092930C1092940C1092A1
:101D4000950C1092960C1092970C1092980C109281
:101D5000990C10929A0C10929B0C10929C0C109261
:101D60009D0C10929E0C10929F0C1092A00C109241
:101D7000A10C1092A20C1092A30C1092A40C109221
:101D8000A50C1092A60C1092A70C1092A80C109201
:101D9000A90C1092AA0C1092AB0C1092AC0C1092E1
:101DA000AD0C1092AE0C1092AF0C1092B00C1092C1
:101DB000B10C1092B20C1092B30C1092B40C1092A1
:101DC000B50C1092B60C1092B70C1092B80C109281
:101DD000B90C1092BA0C1092BB0C1092BC0C109261
:101DE000BD0C1092BE0C1092BF0C1092C00C109241
:101DF000C10C1092C20C1092C30C1092C40C109221
:101E0000C50C1092C60C1092C70C1092C80C109200
:101E1000C90C1092CA0C1092CB0C1092CC0C1092E0
:101E2000CD0C1092CE0C1092CF0C1092D00C1092C0
:101E3000D10C1092D20C1092D30C1092D40C1092A0
:101E4000D50C1092D60C1092D70C1092D80C109280
:101E5000D90C1092DA0C1092DB0C4EE7842E4DE276
:101E6000942E9092DD0C8092DC0C5DE6E52E5DE216
:101E7000F52EF092DF0CE092DE0C6CE5A62E6DE202
:101E8000B62EB092E10CA092E00C7BE4C72E7DE26E
:101E9000D72ED092E30CC092E20C3092E40C109258
:101EA000E50C1092E60C82E695E09093E80C8093A6
:101EB000E70C1092E90C1092EA0C1092EB0C1092C5
:101EC000EC0C1092ED0C1092EE0C1092EF0C1092A4
:101ED000F00C1092F10C1092F20C1092F30C109284
:101EE000F40C1092F50C1092F60C1092F70C109264
:101EF000F80C1092F90C1092FA0C1092FB0C109244
:101F0000FC0C1092FD0C1092FE0C1092FF0C109223
:101F1000000D1092010D1092020D1092030D1092FF
:101F2000040D1092050D1092060D1092070D1092DF
:101F3000080D1092090D10920A0D10920B0D1092BF
:101F40000C0D8DE09DE00E94C50B1092620D109269
:101F5000630D1092640D1092650D1092660D109233
:101F6000670D1092680D1092690D10926A0D109213
:101F70006B0D10926C0D10926D0D8EE69DE00E941F
:101F8000C50B1092C30D1092C40D1092C50D8AE5B9
:101F900095E09093C70D8093C60D1092C80D1092D6
:101FA000C90D1092CA0D1092CB0D1092CC0D10924B
:101FB000CD0D1092CE0D1092CF0D1092D00D30920B
:101FC000D10D1092D20D1092D30D1092D40D10920B
:101FD000D50D1092D60D1092D80D1092D70D1092EB
:101FE000D90D1092DB0D1092DA0D1092DC0D1092CB
:101FF000DD0D1092DE0D1092E00D1092DF0D1092AB
:10200000E10D1092E30D1092E20D1092E40D10928A
:10201000E50D1092E60D1092E80D1092E70D10926A
:10202000E90D1092EB0D1092EA0D1092EC0D10924A
:10203000ED0D1092EE0D1092EF0D1092F00D10922A
:10204000F10D1092F20D1092F30D1092F40D10920A
:10205000F50D1092F60D1092F70D1092F80D1092EA
:10206000F90D1092FA0D1092FC0D1092FB0D1092CA
:10207000FD0D1092FF0D1092FE0D1092000E1092A9
:10208000010E1092020E1092030E1092040E109286
:10209000050E1092060E1092070E1092080E109266
:1020A000090E10920A0E10920B0E10920C0E109246
:1020B0000D0E10920E0E1092100E10920F0E109226
:1020C000110E1092130E1092120E1092140E109206
:1020D000150E1092160E1092170E1092180E1092E6
:1020E000190E10921A0E10921B0E10921C0E1092C6
:1020F0001E0E10921D0E10921F0E1092210E1092A5
:10210000200E1092220E1092230E1092240E109286
:10211000250E1092260E1092270E1092280E109265
:10212000290E10922A0E10922B0E10922C0E109245
:102130002D0E10922E0E10922F0E1092300E109225
:10214000320E1092310E1092330E1092350E109204
:10215000340E1092360E1092370E1092380E1092E6
:10216000390E10923A0E10923B0E10923C0E1092C5
:102170003D0E10923E0E1092400E10923F0E1092A5
:10218000410E1092430E1092420E1092440E109285
:10219000450E1092460E1092470E1092480E109265
:1021A000490E10924A0E10924B0E10924C0E109245
:1021B0004E0E10924D0E10924F0E1092510E109224
:1021C000500E1092520E1092530E1092540E109206
:1021D000560E1092550E1092570E1092590E1092E4
:1021E000580E10925A0E10925B0E10925C0E1092C6
:1021F0005E0E10925D0E10925F0E1092610E1092A4
:10220000600E1092620E1092630E1092640E109285
:10221000660E1092650E1092670E1092690E109263
:10222000680ED0936B0EC0936A0E90926D0E8092E2
:102230006C0EF0926F0EE0926E0EB092710EA09244
:10224000700ED092730EC092720E7092750E6092E4
:10225000740E5092770E4092760E8FE19DE290932D
:10226000790E8093780E84E19DE290937B0E8093AB
:102270007A0E8AE29DE290937D0E80937C0EEEE8CA
:10228000CE2EECE2DE2ED0927F0EC0927E0EF0E3D8
:10229000AF2EFCE2BF2EB092810EA092800E309243
:1022A000820E1092830E1092840E86E495E0909335
:1022B000860E8093850E87E89EE00E94190788E9C4
:1022C00090E10E94190789EA92E10E9419078AEBBE
:1022D00094E10E9419078BEC96E10E9419078CED9E
:1022E00098E10E9419078DEE9AE10E9419078EEF7E
:1022F0009CE10E9419078FE09FE10E94190780E28C
:1023000091E20E94190781E393E20E94190782E497
:1023100095E20E94190783E597E20E94190784E677
:1023200099E20E9419071092752B1092762B109249
:10233000772B1092782B1092792B10927A2B109287
:102340007B2B10927C2B10927D2B10927E2B109267
:102350007F2B1092802B1092812B1092822B109247
:10236000832BD093852BC093842B89E09DE290939F
:10237000872B8093862B8EEF9CE29093892B809302
:10238000882B83EF9CE290938B2B80938A2B88EE93
:102390009CE290938D2B80938C2B8DED9CE29093FF
:1023A0008F2B80938E2B82ED9CE29093912B8093C8
:1023B000902B87EC9CE29093932B8093922B8CEB49
:1023C0009CE29093952B8093942B81EB9CE29093CD
:1023D000972B8093962B86EA9CE29093992B80937F
:1023E000982BB0929B2BA0929A2BF0929D2BE0926F
:1023F0009C2B8BE99CE290939F2B80939E2BD092F9
:10240000A12BC092A02B1093A32B0093A22B83E8A7
:102410009CE29093A52B8093A42B3092A62B109234
:10242000A72B1092A82B82E395E09093AA2B809380
:10243000A92B3092AB2B1092AC2B1092AD2BEEEA65
:10244000FBE28AE19CE211821082128213821482E2
:1024500015821682178210861186128613861486BC
:10246000158617861686118A108A72968E179F0710
:1024700051F78CE19AE090931B2C80931A2C8AEEF2
:1024800095E09093AF2B8093AE2B20E82093B02B58
:1024900086E98093B12B88E98093B22B1092B32BFD
:1024A0001092B42B1092B52B1092B62B1092B72B22
:1024B0001092B82B1092B92B1092BA2B1092BB2B02
:1024C0008AE19CE29093BD2B8093BC2B81E090E04D
:1024D0009093BF2B8093BE2B47E25AE050931D2C64
:1024E00040931C2C40EA5AE050931F2C40931E2C22
:1024F00046EF55E05093C12B4093C02B2093C22B45
:1025000030EF3093C32B3AEF3093C42B32E030934B
:10251000C52B1092C62B1092C72B1092C82B10926D
:10252000C92B41E050E060E070E04093CA2B50932B
:10253000CB2B6093CC2B7093CD2B4CE15CE2509372
:10254000CF2B4093CE2B42E050E05093D12B4093C1
:10255000D02B46E85CE05093212C4093202C43E0A4
:1025600056E05093D32B4093D22B1092D42B31EEC4
:102570003093D52B35EF3093D62B35E03093D72BD6
:102580001092D82B1092D92B1092DA2B1092DB2BB1
:1025900042E050E060E070E04093DC2B5093DD2B94
:1025A0006093DE2B7093DF2B40E25CE25093E12BD3
:1025B0004093E02B9093E32B8093E22B47EE5CE07B
:1025C0005093232C4093222C4FE056E05093E52B60
:1025D0004093E42B2093E62B22EB2093E72B26EE6F
:1025E0002093E82B2EE02093E92B1092EA2B1092F7
:1025F000EB2B1092EC2B1092ED2B43E050E060E0BF
:1026000070E04093EE2B5093EF2B6093F02B709380
:10261000F12B22E23CE23093F32B2093F22B9093A8
:10262000F52B8093F42B25E83EE03093252C209366
:10263000242C2AE136E03093F72B2093F62B1092CE
:10264000F82B25E62093F92B2DEC2093FA2B2DE186
:102650002093FB2B1092FC2B1092FD2B1092FE2B43
:102660001092FF2B44E050E060E070E04093002CBB
:102670005093012C6093022C7093032C24E23CE2D3
:102680003093052C2093042C9093072C8093062CD8
:1026900029EA3BE23093272C2093262C25E236E0D2
:1026A0003093092C2093082C10920A2C2AEC2093AA
:1026B0000B2C2AE920930C2C2BE320930D2C109249
:1026C0000E2C10920F2C1092102C1092112C45E011
:1026D00050E060E070E04093122C5093132C609314
:1026E000142C7093152C26E23CE23093172C209387
:1026F000162C9093192C8093182C8EE296E09093D0
:10270000292C8093282C83E396E090932B2C8093A4
:102710002A2C8EEA9BE290932D2C80932C2C86E021
:1027200090E090932F2C80932E2CDF91CF911F91CE
:102730000F91FF90EF90DF90CF90BF90AF909F9060
:102740008F907F906F905F904F903F900895FC0125
:102750008181882311F08281089580810895CF932B
:10276000DF93FC01C481D581828193810E94A713EC
:102770009981911103C091E089278883DF91CF91DE
:102780000895CF93DF93EC01CB010E94A7139981A9
:10279000911101C08883DF91CF910895CF92DF928C
:1027A000EF92FF920F931F93CF93DF93CDB7DEB7D6
:1027B000E6970FB6F894DEBF0FBECDBF6C0180E088
:1027C00090E0A8ECB2E48DA39EA3AFA3B8A719A68E
:1027D0001AA61BA61CA61DA61C8E1D8E1E8E1F8E45
:1027E00018A219A21AA21BA21CA280E090E0AAE7DC
:1027F000B4E48B8B9C8BAD8BBE8B1F8A188E198E8D
:102800001A8E1B8E1A861B861C861D861E861F86A8
:10281000188A198A1A8AB6016E5F7F4FCE01019617
:102820000E949A08CE0185967C018E01045E1F4F9E
:102830009E012D5E3F4FAE01465F5F4FBE016F5F51
:102840007F4F09960E94C3078601075D1F4FBE0197
:10285000625D7F4FC8010E94B207C6018696F601ED
:1028600027A1211102C021E026A30E94A7138823DB
:1028700081F0F601EA5AFF4FE080F180B801CE0105
:1028800001960E949A08BE016F5F7F4FC7010E94A8
:10289000A20780E090E0A8ECB2E48DA39EA3AFA3D2
:1028A000B8A719A61AA61BA61CA61DA61C8E1D8EAF
:1028B0001E8E1F8E18A219A21AA21BA21CA280E0B3
:1028C00090E0AAE7B4E48B8B9C8BAD8BBE8B1F8A08
:1028D000188E198E1A8E1B8E1A861B861C861D86D4
:1028E0001E861F86188A198A1A8AB601655F7F4F6D
:1028F000CE0101960E949A08CE0185967C018E0138
:10290000045E1F4F9E012D5E3F4FAE01465F5F4F3D
:10291000BE016F5F7F4F09960E94C30786010B5C63
:102920001F4FBE01625D7F4FC8010E94B207C60102
:10293000C296F60123A9211102C021E022AB0E9418
:10294000A713882381F0F601E85AFF4FE080F18059
:10295000B801CE0101960E949A08BE016F5F7F4FB9
:10296000C7010E94A20780E090E0A0E2B1E48DA33D
:102970009EA3AFA3B8A719A61AA61BA61CA61DA6A0
:102980001C8E1D8E1E8E1F8E18A219A21AA21BA2AB
:102990001CA280E090E0AAE7B4E48B8B9C8BAD8B0B
:1029A000BE8B1F8A188E198E1A8E1B8E1A861B8656
:1029B0001C861D861E861F86188A198A1A8AB601E9
:1029C0006C5E7F4FCE0101960E949A08CE018596DB
:1029D0007C018E01045E1F4F9E012D5E3F4FAE01B4
:1029E000465F5F4FBE016F5F7F4F09960E94C3072E
:1029F00086010F5B1F4FBE01625D7F4FC8010E94C1
:102A0000B207C601CE96F60127AD211102C021E022
:102A100026AF0E94A713882381F0F601E65AFF4FE4
:102A2000E080F180B801CE0101960E949A08BE01B3
:102A30006F5F7F4FC7010E94A20780E090E0A8EC83
:102A4000B2E48DA39EA3AFA3B8A719A61AA61BA68E
:102A50001CA61DA61C8E1D8E1E8E1F8E18A219A2CE
:102A60001AA21BA21CA280E090E0AAE7B4E48B8B20
:102A70009C8BAD8BBE8B1F8A188E198E1A8E1B8E67
:102A80001A861B861C861D861E861F86188A198A32
:102A90001A8AB601635E7F4FCE0101960E949A08A2
:102AA000CE0185967C018E01045E1F4F9E012D5E36
:102AB0003F4FAE01465F5F4FBE016F5F7F4F09968C
:102AC0000E94C3078601035B1F4FBE01625D7F4FFB
:102AD000C8010E94B207C601865B9F4FFC0121819D
:102AE000211102C021E020830E94A713882381F0D6
:102AF000F601E45AFF4FC080D180B801CE010196A3
:102B00000E949A08BE016F5F7F4FC6010E94A20714
:102B1000E6960FB6F894DEBF0FBECDBFDF91CF9122
:102B20001F910F91FF90EF90DF90CF900895EF925B
:102B3000FF921F93CF93DF93EC01CB017A010E94A8
:102B4000A713182FC7010E94A713812B888319820E
:102B50001A82CE01DF91CF911F91FF90EF900895DF
:102B6000EF92FF921F93CF93DF93EC01CB017A0199
:102B70000E94A713182FC7010E94A71381238883DF
:102B800019821A82CE01DF91CF911F91FF90EF90B1
:102B900008951F93CF93DF93EC01162FCA010E9473
:102BA000A7138123888319821A82CE01DF91CF91E6
:102BB0001F910895CF93DF93EC01CB010E94A713DF
:102BC000888319821A82DF91CF910895CF93DF9382
:102BD000EC01CB010E94A7139981911101C0888358
:102BE000CE01DF91CF9108952F923F924F925F9245
:102BF0006F927F928F929F92AF92BF92CF92DF920D
:102C0000EF92FF920F931F93CF93DF93CDB7DEB771
:102C1000E9970FB6F894DEBF0FBECDBF8C01FC0163
:102C2000E150F34EE080F180C7010E94A7138111AB
:102C300009C0D80113968C911397811103C081E0CC
:102C400012968C93C7010E94A713811106C0F80148
:102C50008185811102C081E08087F801EF5FF24E2B
:102C6000C080D180C6010E94A71398012D5E3D4F00
:102C70007901882341F0D90111968C911197811126
:102C800002C081E08C93C6010E94A713882341F003
:102C9000F801E75EFD4F8181811102C081E08083F0
:102CA000F801EB5FF24EC080D180C6010E94A713ED
:102CB000F801EB5CF94FFFA7EEA7882329F081818B
:102CC000811102C081E08083C6010E94A71388237E
:102CD00041F0F801E55CF94F8181811102C081E08A
:102CE0008083F801ED5FF24EC080D180C6010E9462
:102CF000A71398012C5D3B4F39AB28AB882341F0DB
:102D0000D90111968C911197811102C081E08C93A9
:102D1000C6010E94A713882341F0F801E65DFB4F2E
:102D20008181811102C081E08083F801E95FF24E68
:102D3000C080D180C6010E94A713F801EA5BF74F5B
:102D4000FBABEAAB882329F08181811102C081E0CD
:102D50008083C6010E94A713882341F0F801E45B39
:102D6000F74F8181811102C081E08083F801E75F24
:102D7000F24EC080D180C6010E94A7139801295A43
:102D8000354F3DAB2CAB882341F0D90111968C9186
:102D90001197811102C081E08C93C6010E94A71394
:102DA000882341F0F801E35AF54F8181811102C077
:102DB00081E08083F801E55FF24EC080D180C601DA
:102DC0000E94A713F801E859F34F2F01882329F037
:102DD0008181811102C081E08083C6010E94A71316
:102DE000882341F0F801E259F34F8181811102C03B
:102DF00081E08083F801E35FF24EC080D180C6019C
:102E00000E94A71398012758314F3FAB2EAB882360
:102E100041F0D90111968C911197811102C081E086
:102E20008C93C6010E94A713882341F0F801E15852
:102E3000F14F8181811102C081E08083F801E15F5F
:102E4000F24EF9AFE8AFC080D180C6010E94A7134F
:102E5000980126573F4E1901882341F0D901119658
:102E60008C911197811102C081E08C93C6010E9460
:102E7000A713882341F0F801E057FF4E81818111AB
:102E800002C081E08083F801EF5EF24EC080D18005
:102E9000C6010E94A713882341F0F801E556FD4EB4
:102EA0008181811102C081E08083C6010E94A71345
:102EB000882341F0F801E35AF54F8181811102C066
:102EC00081E08083F801ED5EF24EC080D180C601C2
:102ED0000E94A713882341F0F801E455FB4E81813D
:102EE000811102C081E08083C6010E94A71388235C
:102EF00041F0F801EE54FB4E8181811102C081E066
:102F00008083F801E75EF24EC080D180C6010E9446
:102F1000A713F801E354F94E3F01882329F081817A
:102F2000811102C081E08083C6010E94A71388231B
:102F300041F0F801ED53F94E8181811102C081E029
:102F40008083F801EB5EF24E60817181605E7F4F9D
:102F5000CE0101960E949A08F801E95EF24E808146
:102F600091810E9494074B015C01CE0101960E9461
:102F700094079B01AC01DD24D394C501B4010E94E8
:102F8000A14D87FDD12CDA861B861C865801FAE0FC
:102F9000AF1AF3EEBF0ABE01665F7F4FC5010E9404
:102FA000E615C8018D50934EDC0111962C911197B6
:102FB000211102C021E02C930E94A7136801B1E205
:102FC000CB1AB5EEDB0A882321F0B501C6010E94B9
:102FD000E61587E090E09A8389831B821D821C821C
:102FE000F801E55EF24E808191810E94AC085C019F
:102FF000CE0101960E94AC0821E0A816B90609F09E
:1030000020E02A871B861C864801E4E08E1AE3EE46
:103010009E0ABE01665F7F4FC4010E94E615C8018B
:103020008750934EDC0111962C911197211102C00B
:1030300021E02C930E94A7135801B2E3AB1AB7EE1C
:10304000BB0A882321F0B401C5010E94E615A7013F
:10305000B501CE0101960E949715A301BE016F5FD5
:103060007F4FCE010A960E949715A201BE01665FAE
:103070007F4FCE010D960E949715A80144555B4ED7
:10308000BE01635F7F4FCE0140960E949715A1015C
:10309000BE01605F7F4FCE0143960E949715A80145
:1030A00045565D4EBE016D5E7F4FCE0146960E9435
:1030B00097154EA95FA9BE016A5E7F4FCE01499662
:1030C0000E94971548A959A9BE01675E7F4FCE019E
:1030D0004C960E9497154EA55FA5BE01645E7F4F7A
:1030E000CE014F960E9497154AA95BA9BE01615E69
:1030F0007F4FCE0182960E9497154CA95DA9BE0113
:103100006E5D7F4FCE0185960E949715A8014E5F98
:103110005F4FBE016B5D7F4FCE0188960E94971571
:10312000A601BE01685D7F4FCE018B960E94971568
:10313000BE01655D7F4FC8018051934E0E94E61528
:103140006801E1EECE1AE2EEDE0AD601ED90FC90C7
:10315000C7010E94A713882331F0F80186818111ED
:1031600002C081E08583C7010E94A713882341F034
:10317000F801EA5EFD4F8181811102C081E0808308
:10318000C7010E94A713882341F0F801E85CF94FBA
:103190008181811102C081E08083C7010E94A71351
:1031A000882341F0F801E95DFB4F8181811102C064
:1031B00081E08083C7010E94A713882341F0F801B2
:1031C000E75BF74F8181811102C081E08083C701F5
:1031D0000E94A713882341F0F801E65AF54F818138
:1031E000811102C081E08083C7010E94A713882358
:1031F00041F0F801E559F34F8181811102C081E06E
:103200008083C7010E94A713882341F0F801E45886
:10321000F14F8181811102C081E08083C7010E944A
:10322000A713882349F0A8ADB9ADED91FC91818138
:10323000811102C081E08083F601808191810E942A
:10324000A713882359F0F801EF5EF24E0190F08148
:10325000E02D8181811102C081E08083D601ED9053
:10326000FC90C7010E94A713882341F0F801E155A3
:10327000FB4E8181811102C081E08083C7010E94E1
:10328000A713882341F0F801EF52F74E8181811195
:1032900002C081E08083C7010E94A713882381F0C8
:1032A000F801E054F94E8181811102C081E08083F0
:1032B000F801EE51F54E8181811102C081E08083D9
:1032C0006801BDE1CB0EDB1EF601E080F180C70195
:1032D0000E94A713882341F0D80116968C91169767
:1032E000811102C015961C92C7010E94A713882362
:1032F00029F0F8018185811101C01086C7010E9463
:10330000A713882339F0F801EA5EFD4F818181110E
:1033100001C01082C7010E94A713882339F0F80169
:10332000E75EFD4F8181811101C01082C7010E94BB
:10333000A713882339F0F801E85CF94F81818111E6
:1033400001C01082C7010E94A713882339F0F80139
:10335000E55CF94F8181811101C01082C7010E9493
:10336000A713882339F0F801E95DFB4F81818111B2
:1033700001C01082C7010E94A713882339F0F80109
:10338000E65DFB4F8181811101C01082C7010E945F
:10339000A713882339F0F801E75BF74F818181118A
:1033A00001C01082C7010E94A713882339F0F801D9
:1033B000E45BF74F8181811101C01082C7010E9437
:1033C000A713882339F0F801E65AF54F818181115E
:1033D00001C01082C7010E94A713882339F0F801A9
:1033E000E35AF54F8181811101C01082C7010E940B
:1033F000A713882339F0F801E559F34F8181811132
:1034000001C01082C7010E94A713882339F0F80178
:10341000E259F34F8181811101C01082C7010E94DE
:10342000A713882339F0F801E458F14F8181811105
:1034300001C01082C7010E94A713882339F0F80148
:10344000E158F14F8181811101C01082C7010E94B2
:10345000A713882351F0F801E15FF24E0190F0814B
:10346000E02D8181811101C01082D601ED90FC9088
:10347000C7010E94A713882339F0F801E057FF4ED7
:103480008181811101C01082C7010E94A713882386
:1034900051F0F801EF5EF24E0190F081E02D818154
:1034A000811101C01082F601E080F180C7010E9405
:1034B000A713882339F0F801EF55FD4E8181811162
:1034C00001C01082C7010E94A713882339F0F801B8
:1034D000E155FB4E8181811101C01082C7010E941C
:1034E000A713882339F0F801EE54FB4E8181811136
:1034F00001C01082C7010E94A713882339F0F80188
:10350000EF52F74E8181811101C01082C7010E94E4
:10351000A713882339F0F801EC52F74E818181110D
:1035200001C01082C7010E94A713882371F0F8011F
:10353000E054F94E8181811101C01082F801E152FD
:10354000F54E8181811101C01082C7010E94A7132D
:10355000882339F0F801ED53F94E8181811101C0C2
:103560001082C7010E94A713882339F0F801EB519C
:10357000F54E8181811101C01082E9960FB6F89451
:10358000DEBF0FBECDBFDF91CF911F910F91FF9096
:10359000EF90DF90CF90BF90AF909F908F907F90F3
:1035A0006F905F904F903F902F900895CF93DF934F
:1035B000EC01CB010E94A71391E08927888319822F
:1035C0001A82CE01DF91CF910895AF92BF92CF9230
:1035D000DF92EF92FF920F931F93CF93DF93CDB7BC
:1035E000DEB765970FB6F894DEBF0FBECDBF8C0176
:1035F00008960E94A713882331F0F801858981116C
:1036000002C081E0848BC8010B960E94A713882317
:1036100029F0F8018589811101C0148A7801FEE042
:10362000EF0EF11CB8016E5F7F4FA701CE014096EF
:103630000E949715680185E0C80ED11CB601CE0125
:1036400007960E94DA15BE01695F7F4FCE010A9688
:103650000E94D61A5801E4E1AE0EB11CB501CE01AC
:1036600001960E94DA15BE016F5F7F4FCE0104966E
:103670000E94D61AAE01465F5F4FBE016C5F7F4F5E
:10368000CE010D960E94B015AE01405F5F4FBE01A6
:10369000635F7F4FCE0143960E94B015BE016D5E01
:1036A0007F4FC7010E94E615B701CE0107960E9421
:1036B000DA15BE01695F7F4FCE010A960E94D61AC5
:1036C000B501CE0101960E94DA15BE016F5F7F4FF2
:1036D000CE0104960E94D61AAE01465F5F4FBE012E
:1036E0006C5F7F4FCE010D960E94B015A601BE0102
:1036F000635F7F4FCE0140960E94B015BE01605FB0
:103700007F4FC80141960E94E61565960FB6F89462
:10371000DEBF0FBECDBFDF91CF911F910F91FF9004
:10372000EF90DF90CF90BF90AF900895AF92BF928F
:10373000CF92DF92EF92FF920F931F93CF93DF937D
:10374000CDB7DEB765970FB6F894DEBF0FBECDBF1D
:103750008C010B960E94A713882331F0F80182890F
:10376000811102C081E0818BC80108960E94A713D5
:10377000882329F0F8018289811101C0118A58013A
:10378000FEE0AF0EB11CA8014E5F5F4FB501CE0148
:1037900040960E949715780185E0E80EF11CB7016C
:1037A000CE0107960E94DA15BE01695F7F4FCE01F8
:1037B0000A960E94D61A6801E1E1CE0ED11CB6012C
:1037C000CE0101960E94DA15BE016F5F7F4FCE01D8
:1037D00004960E94D61AAE01465F5F4FBE016C5F31
:1037E0007F4FCE010D960E94B015AE01405F5F4F36
:1037F000BE01635F7F4FCE0143960E94B015BE01AC
:103800006D5E7F4FC5010E94E615B601CE01079699
:103810000E94DA15BE01695F7F4FCE010A960E94B1
:10382000D61AB701CE0101960E94DA15BE016F5F6C
:103830007F4FCE0104960E94D61AAE01465F5F4FBD
:10384000BE016C5F7F4FCE010D960E94B015BE0188
:10385000635F7F4FC80144960E94E61565960FB6D8
:10386000F894DEBF0FBECDBFDF91CF911F910F91B6
:10387000FF90EF90DF90CF90BF90AF900895AF9200
:10388000BF92CF92DF92EF92FF920F931F93CF934D
:10389000DF93CDB7DEB765970FB6F894DEBF0FBEE6
:1038A000CDBF8C010B960E94A713882331F0F8013D
:1038B0008289811102C081E0818BC80108960E9433
:1038C000A713882329F0F8018289811101C0118A88
:1038D0005801FEE0AF0EB11CA8014E5F5F4FB5016D
:1038E000CE0140960E949715780185E0E80EF11C04
:1038F000B701CE0107960E94DA15BE01695F7F4FBE
:10390000CE010A960E94D61A6801E1E1CE0ED11CC2
:10391000B601CE0101960E94DA15BE016F5F7F4F9E
:10392000CE0104960E94D61AAE01465F5F4FBE01DB
:103930006C5F7F4FCE010D960E94B015AE01405FC7
:103940005F4FBE01635F7F4FCE0143960E94B0156B
:10395000BE016D5E7F4FC5010E94E615B601CE0126
:1039600007960E94DA15BE01695F7F4FCE010A9665
:103970000E94D61AB701CE0101960E94DA15BE0147
:103980006F5F7F4FCE0104960E94D61AAE01465F4C
:103990005F4FBE016C5F7F4FCE010D960E94B01548
:1039A000BE01635F7F4FC80144960E94E61565968D
:1039B0000FB6F894DEBF0FBECDBFDF91CF911F9140
:1039C0000F91FF90EF90DF90CF90BF90AF90089550
:1039D0002F923F924F925F926F927F928F929F921F
:1039E000AF92BF92CF92DF92EF92FF920F931F930D
:1039F000CF93DF9300D000D000D0CDB7DEB78C01DD
:103A00007C0123E4E21A2EEFF20AF701C080D18094
:103A1000C6010E94A713B82EF801EF53FE4F808114
:103A200091810E94A713F8019581911102C08B2109
:103A30008483F801ED53FE4F808191810E94A7138A
:103A4000B82EC6010E94A713F8019085911104C0F9
:103A500091E089278B2987836801F1E4CF1AFEEF73
:103A6000DF0AF601808191810E94A713F8019385F6
:103A7000911101C08287B8016E5E7E4FC8010D961C
:103A80000E94E615C80102960E943F1CF801828D33
:103A9000811102C081E0818FB801605F7F4FC80152
:103AA0008B5E9E4F0E94E615F801E153FE4FA08009
:103AB000B180B8016D5E7F4FCE0101960E94DA158C
:103AC000BE016F5F7F4FC5010E94C113B8016A5EDE
:103AD0007F4FC801885E9E4F0E94E615F7018081E6
:103AE00091810E94A7139801255E3E4F3D832C8350
:103AF000A901682FCE0101960E94C915BE016F5F12
:103B00007F4FC8014E960E94E615F7018081918192
:103B10000E94A713B82EC801825E9E4F0E94A71371
:103B200091E0B926B82AB9821A821B82BE016F5F62
:103B30007F4FC80181960E94E615F6018081918130
:103B40000E94A713F80195A1911101C084A3B801A7
:103B50006C5D7E4FC80187960E94E615C8014C96A1
:103B60000E943F1CF80184A9811102C081E083AB4F
:103B7000B801665D7F4FC801895D9E4F0E94E615C2
:103B8000F801EF52FE4FA080B180B801635D7F4F16
:103B9000CE0101960E94DA15BE016F5F7F4FC5010D
:103BA0000E94C113B801605D7F4FC801865D9E4FC2
:103BB0000E94E615F701808191810E94A713980168
:103BC000235D3E4F3F832E83A901682FCE010196CE
:103BD0000E94C915BE016F5F7F4FC801C8960E9441
:103BE000E615F701808191810E94A713B82EC801C4
:103BF000805D9E4F0E94A71391E0B926B82AB98232
:103C00001A821B82BE016F5F7F4FC801CB960E9454
:103C1000E615F601808191810E94A713F80197AD06
:103C2000911101C086AFB8016A5C7E4FC8018F5BFD
:103C30009F4F0E94E615C801C6960E943F1CF801DE
:103C4000E35BFF4F8181811102C081E08083B80175
:103C50006C5B7F4FC801875C9E4F0E94E615F801A0
:103C6000ED52FE4FA080B180B801695B7F4FCE015D
:103C700001960E94DA15BE016F5F7F4FC5010E9459
:103C8000C113B801665B7F4FC801845C9E4F0E94E0
:103C9000E615F701808191810E94A7133801F1ECAC
:103CA0006F1AFEEF7F0AA301682FCE0101960E94D2
:103CB000C915BE016F5F7F4FC8018E5A9F4F0E948A
:103CC000E615F701808191810E94A713B82EC801E3
:103CD0008E5B9E4F0E94A71391E0B926B82AB98245
:103CE0001A821B82BE016F5F7F4FC8018B5A9F4FA4
:103CF0000E94E615F601808191810E94A713F801C8
:103D0000E85AFF4F9181911101C08083B801685B2F
:103D10007E4FC801855A9F4F0E94E615C801805BFF
:103D20009F4F0E94961BF801E659FF4F8181811138
:103D300002C081E08083B801625A7F4FC801855B71
:103D40009E4F0E94E615F801EB52FE4FA080B18015
:103D5000B8016F597F4FCE0101960E94DA15BE015E
:103D60006F5F7F4FC5010E94C113B8016C597F4F2F
:103D7000C801825B9E4F0E94E615F7018081918108
:103D80000E94A7131801FFEA2F1AFEEF3F0AA101B4
:103D9000682FCE0101960E94C915BE016F5F7F4F4B
:103DA000C80181599F4F0E94E615F70180819181DA
:103DB0000E94A713B82EC8018C5A9E4F0E94A713C9
:103DC00091E0B926B82AB9821A821B82BE016F5FC0
:103DD0007F4FC8018E589F4F0E94E615F6018081E3
:103DE00091810E94A713F801EB58FF4F9181911127
:103DF00001C08083B801665A7E4FC80188589F4F22
:103E00000E94E615C80183599F4F0E94961BF80136
:103E1000E957FF4F8181811102C081E08083B801A1
:103E200065587F4FC801835A9E4F0E94E615F801DE
:103E3000E952FE4FA080B180B80162587F4FCE0199
:103E400001960E94DA15BE016F5F7F4FC5010E9487
:103E5000C113B8016F577F4FC801805A9E4F0E940F
:103E6000E615F701808191810E94A71398012D59D1
:103E70003E4F39872887A901682FCE0101960E94FD
:103E8000C915BE016F5F7F4FC80184579F4F0E94C5
:103E9000E615F701808191810E94A713B82EC80111
:103EA0008A599E4F0E94A71391E0B926B82AB98279
:103EB0001A821B82BE016F5F7F4FC80181579F4FDF
:103EC0000E94E615F601808191810E94A713F801F6
:103ED000EE56FF4F9181911101C08083B801645962
:103EE0007E4FC8018B569F4F0E94E615C80186572A
:103EF0009F4F0E94961BF801EC55FF4F8181811165
:103F000002C081E08083B80168567F4FC8018159A3
:103F10009E4F0E94E615F801E752FE4FA080B18047
:103F2000B80165567F4FCE0101960E94DA15BE0199
:103F30006F5F7F4FC5010E94C113B80162567F4F6A
:103F4000C8018E589E4F0E94E615F701808191812D
:103F50000E94A713A8014B585E4F682FCE0101960F
:103F60000E94C915BE016F5F7F4FC80187559F4FE3
:103F70000E94E615F701808191810E94A713B82E57
:103F8000C80188589E4F0E94A713AA24A394BA245C
:103F9000B82AB9821A821B82BE016F5F7F4FC801A7
:103FA00084559F4F0E94E615B80165587E4FC801A1
:103FB00081559F4F0E94E615B80162587E4FC80197
:103FC0008E549F4F0E94E615C80189559F4F0E944D
:103FD000E51AF801E254FF4F8181811101C0A082EE
:103FE000B8016B547F4FC8018F579E4F0E94E61552
:103FF000B80168547F4FC8018C579E4F0E94E61548
:10400000F801E552FE4FA080B180B80165547F4FA2
:10401000CE0101960E94DA15BE016F5F7F4FC50188
:104020000E94C113F701808191810E94A71358015A
:10403000F9E7AF1AFEEFBF0AA501682FCE0101967E
:104040000E94C915BE016F5F7F4FC8018D539F4FFE
:104050000E94E615F701808191810E94A713982E96
:10406000C80186579E4F0E94A71391E09926982A6F
:1040700099821A821B82BE016F5F7F4FC8018A53EB
:104080009F4F0E94E615B80163577E4FC8018753C2
:104090009F4F0E94E615F601808191810E94A7132F
:1040A000F801E453FF4F9181911101C08083C80151
:1040B0008F539F4F0E94E51AF801E852FF4F81810C
:1040C000811102C081E08083B80161537F4FC80134
:1040D0008D569E4F0E94E615B8016E527F4FC80163
:1040E0008A569E4F0E94E615F801E352FE4F8080EB
:1040F0009180B8016B527F4FCE0101960E94DA1574
:10410000BE016F5F7F4FC4010E94C113F701808120
:1041100091810E94A7132801F7E64F1AFEEF5F0A6C
:10412000A201682FCE0101960E94C915BE016F5FE2
:104130007F4FC80183529F4F0E94E615F70180818F
:1041400091810E94A713982EC80184569E4F0E9409
:10415000A71391E09926982A99821A821B82BE01A0
:104160006F5F7F4FC80180529F4F0E94E615B801D4
:1041700061567E4FC8018D519F4F0E94E615F60192
:10418000808191810E94A713F801EA51FF4F91812C
:10419000911101C08083C80185529F4F0E94E51A8A
:1041A000F801EE50FF4F8181811102C081E08083D0
:1041B000B80167517F4FC8018B559E4F0E94E6158D
:1041C000B80164517F4FC80188559E4F0E94E61583
:1041D000F801E152FE4F80809180B80161517F4F1C
:1041E000CE0101960E94DA15BE016F5F7F4FC401B8
:1041F0000E94C113F701808191810E94A713480199
:10420000F5E58F1AFEEF9F0AA401682FCE010196F3
:104210000E94C915BE016F5F7F4FC80189509F4F33
:104220000E94E615F701808191810E94A713F82E64
:10423000C80182559E4F0E94A71391E0F926F82AE3
:10424000F9821A821B82BE016F5F7F4FC8018650C0
:104250009F4F0E94E615B8016F547E4FC8018350EE
:104260009F4F0E94E615F601808191810E94A7135D
:10427000F801F3959181911101C08083C8018B50A1
:104280009F4F0E94E51AF801E45FFE4F8181811182
:1042900002C081E08083B8016D5F7E4FC801895400
:1042A0009E4F0E94E615B8016A5F7E4FC801865492
:1042B0009E4F0E94E615F801EF51FE4FE080F1801D
:1042C000B801675F7E4FCE0101960E94DA15BE01EC
:1042D0006F5F7F4FC7010E94C113F801EB53FE4F80
:1042E000E080F180C7010E94A713F501918191112F
:1042F00001C08083C7010E94A713F301918191112E
:1043000001C08083F801E953FE4FE080F180C701CE
:104310000E94A713F2019181911101C08083C7010E
:104320000E94A713F1019181911101C08083F801CE
:10433000E353FE4F808191810E94A713EC81FD81A0
:104340009181911101C08083F801E753FE4FE08015
:10435000F180C7010E94A713F4019181911101C05E
:104360008083C7010E94A713E885F9859181911187
:1043700001C08083F801E553FE4F808191810E9446
:10438000A713EE81FF819181911101C0808329964D
:104390000FB6F894DEBF0FBECDBFDF91CF911F9156
:1043A0000F91FF90EF90DF90CF90BF90AF909F90D4
:1043B0008F907F906F905F904F903F902F900895D7
:1043C0002F923F924F925F926F927F928F929F9225
:1043D000AF92BF92CF92DF92EF92FF920F931F9313
:1043E000CF93DF93CDB7DEB7A7970FB6F894DEBFB4
:1043F0000FBECDBF4C01809156088983809157082C
:104400008A83809158088B83809159088C8380918E
:104410005A088D8380915B088E8380915C088F831E
:1044200080915D08888719861A861B861C861D86E2
:104430001E861F86188A198A340110E3610E711CCA
:10444000BE016F5F7F4FC3010E944D07C4010296FA
:104450009C8F8B8FD4019D96BEA3ADA3BD01CE01D1
:1044600001960E94DA15BE016F5F7F4FCE01429622
:104470000E94D61AF40183A5882379F184A561E00E
:10448000811160E0AE014E5E5F4FCE0145960E9405
:10449000C9154B8D5C8DBE016B5E7F4FCE0148967A
:1044A0000E94B015CE0148960E94A7138823B9F048
:1044B000F40183A5811102C081E082A7D40157963F
:1044C0008C915797811102C056961C92B301C4017A
:1044D0008F5B9F4F0E944D0741C082A5D0CF6B8D4F
:1044E0007C8DCE0101960E94DA15BE016F5F7F4F71
:1044F000CE0142960E94D61ACE0142960E94A71380
:10450000F401F3A5FCA3882309F447C0D4019196D4
:104510008C919197811117C059961C9259975A9670
:104520001C925A975B961C925B975C961C925C97C8
:104530005D961C925D975E961C925E975F961C92AC
:104540005F9790961C92F4018789811101C0168AA9
:10455000FCA1F11103C0D4019A961C926B8D7C8D45
:104560008DA19EA10E94E615A7960FB6F894DEBF16
:104570000FBECDBFDF91CF911F910F91FF90EF90B4
:10458000DF90CF90BF90AF909F908F907F906F9073
:104590005F904F903F902F900895BCA1BB2309F4EA
:1045A00063C0F40184A58130C9F6F401EF5BFF4FCD
:1045B0008085882309F45CC02184B285BD8FA385E2
:1045C000AE8FB485BF8FA585A8A3B685B9A3A785EF
:1045D000AAA3B089BBA3F4018585882309F458C038
:1045E00026853785408951896289738984899589AF
:1045F000A22CBD8CCE8CDF8CE8A0F9A00AA11BA157
:104600000E94E14ED401D896EC91D897EE2309F49C
:1046100048C0D9963C90F401F9964180528063805D
:104620007480B581A68117811FA3A32CB42CC52C3F
:10463000D62CE72CFB2E0A2F0E94FF4E11F00CF017
:1046400043C0ACA1A11104C082E0D4019A968C931E
:10465000F4018789811102C081E0868BB4016B5F10
:104660007F4FC401499636CFD4019A968C919BCF47
:104670002080A181AD8FB281BE8FA381AF8FB48125
:10468000B8A3A581A9A3B681BAA3A781ABA3A3CFE1
:104690002581368147815085618572858385948522
:1046A000A7CFF40130A841A852A863A874A8B5A95F
:1046B000A6A9F7A9FFA3A32CB42CC52CD62CE72CB4
:1046C000FB2E0A2F1F2FB8CF232D342D452D562D0D
:1046D000672D7B2F8A2F9FA1A22CBD8CCE8CDF8CC7
:1046E000E8A0F9A00AA11BA10E94F64E29833A83F3
:1046F0004B835C836D837E838F83988719861A86AC
:104700001B861C861D861E861F86188A198ABE0176
:104710006F5F7F4FC40149960E944D071FCF5F9284
:104720006F927F928F929F92AF92BF92CF92DF92C1
:10473000EF92FF920F931F93CF93DF93CDB7DEB726
:1047400062970FB6F894DEBF0FBECDBF8C01FC019F
:10475000E259FF4FC080D1807C0122E0E20EF11CC3
:10476000B701CE0104960E94DA15BE016C5F7F4F3F
:10477000CE0107960E94D61AB8016B5F7F4FAE013B
:10478000495F5F4FCE010A960E94B015F801EC58C0
:10479000FF4F808191810E94A713A701682FCE014E
:1047A00001960E94C915AE01465F5F4FBE016F5F63
:1047B0007F4FCE010D960E94971578013CE6E30EDF
:1047C000F11CF701808191810E94A713AE01435F24
:1047D0005F4F682FCE0140960E94C915BE01605FF1
:1047E0007F4FC6010E94C113F801E059FF4FA0801E
:1047F000B180F701808191810E94A713E82E6801A2
:10480000FBE0CF0ED11CA801485F5F4FB601CE017F
:1048100001960E949715CE0101960E94A713552478
:104820005394E524E82AEC821D821E82BE016C5F4F
:104830007F4FC5010E94C113380129E6620E711C29
:10484000C3010E94A713F82E480136E6830E911C7F
:1048500058018EE0A80EB11CA401B501CE0101964D
:104860000E94B015CE0101960E94A713F524F822EC
:10487000FC821D821E82BE016C5F7F4FC801439681
:104880000E94E615F801868D811109C085E0868BAE
:10489000178A108E118E128E138E148E158EB30100
:1048A000CE0101960E94DA15BE016F5F7F4FCE01E7
:1048B00004960E94D61AA401BE016C5F7F4FCE0100
:1048C00007960E94B015A501BE01695F7F4FCE011A
:1048D0000A960E94B015CE010A960E94A71398016D
:1048E0002D593F4F7901882309F446C0C8014196EC
:1048F0000E94E021F7018181811102C081E0808363
:10490000C7010E94A7137801F7E2EF0EF11C88237C
:1049100021F0B701C6010E94E615C7010E94A71346
:10492000882331F0F8018485811102C081E08387FA
:10493000F801EE58FF4F808191810E94A7138823D0
:1049400029F0F8018485811101C0138662960FB6A3
:10495000F894DEBF0FBECDBFDF91CF911F910F91B5
:10496000FF90EF90DF90CF90BF90AF909F908F908F
:104970007F906F905F900895F90181818111C0CF80
:104980001082BECF2F923F924F925F926F927F9292
:104990008F929F92AF92BF92CF92DF92EF92FF924F
:1049A0000F931F93CF93DF93CDB7DEB7AC970FB6BE
:1049B000F894DEBF0FBECDBF8C015C0128E0A20ED3
:1049C000B11CC5010E94A713F801E351FF4F91816B
:1049D000882309F4CAC7D801A051BF4F12968C9101
:1049E0001297811102C01D921C92911102C081E0A8
:1049F0008083CF010E94A713D801A956BE4F7D0125
:104A0000882379F0CD90DC90B80160517F4FCE01C2
:104A100001960E940109BE016F5F7F4FC6010E948F
:104A2000F3082801BDE74B1ABEEF5B0AF201808153
:104A300091810E94A713D82EC80102960E94A71345
:104A40008D2189831A821B82CE0101960E94A713B1
:104A500098012B503F4F6901882309F48AC781E0F0
:104A600090E09C8F8B8F1D8E1F8E1E8E1B8A1A8A44
:104A70001C8A1E8A1D8AD7018D919C910E94AC08C8
:104A80009A8389831D821C829E01255E3F4FAE0161
:104A90004E5E5F4FBE016F5F7F4FCE0184960E94D6
:104AA000C508BE016C5D7F4FC80188509F4F0E94B2
:104AB000B608F6018181811102C081E08083C601C0
:104AC0000E94A713882381F0F70180809180B801AC
:104AD00068507F4FCE0101960E940109BE016F5FB1
:104AE0007F4FC4010E94F308B6016801F1EECF0EBA
:104AF000D11CC6010E94E61538012FED620E711C13
:104B0000430138E0830E911CC4010E94A713282E94
:104B1000C6010E94A7133324339423242822298218
:104B20001A821B8285E0680E711CBE016F5F7F4F89
:104B3000C3010E94E615B601C4010E94E615F80102
:104B4000E651FF4F8181811101C03082C3010E9473
:104B5000A713D801A756BE4F3D01F801E350FF4F00
:104B60006F01882309F40DC781E090E09B8B8A8B4D
:104B70001C8A1E8A1D8A6D917C91CE0101960E942D
:104B80000109CE0101960E94AC084C01CE0142966B
:104B90000E94AC08880D991D9C8F8B8F1D8E1F8ED7
:104BA0001E8EBE01655E7F4FC80193950E94B608B8
:104BB000D60111968C911197811102C081E08C93DE
:104BC000C6010E94A713882371F0B8017395CE0126
:104BD00001960E940109BE016F5F7F4FD3018D9145
:104BE0009C910E94B60881E090E09A8389831B82A1
:104BF0001D821C82F701808191810E94AC086C01AA
:104C0000CE0101960E94AC0821E0C816D90609F031
:104C100020E02A8B1B8A1C8A6801F8EFCF1AFEEF6E
:104C2000DF0ABE016E5E7F4FC6010E94E615C80115
:104C30008B5F9E4FDC0111962C911197211102C0C0
:104C400021E02C930E94A7134801BBE08B0E911C1E
:104C5000882321F0B601C4010E94E615F801E3574C
:104C6000FE4F608071806801EEE0CE0ED11CB6016F
:104C7000CE0101960E94DA15BE016F5F7F4FCE0113
:104C800042960E94D61AA401BE016E5E7F4FCE01ED
:104C90004B960E94B015BE01655E7F4FC3010E9416
:104CA000C113F801E756FE4F608171816B5F7F4F42
:104CB000CE0101960E949A08F801E557FE4F8081C7
:104CC00091810E9494073B014C01CE0101960E9404
:104CD00094079B01AC0133243394C401B3010E94B7
:104CE000A14D87FD312C3A8A1B8A1C8A4801F2EFBC
:104CF0008F1AFEEF9F0ABE016E5E7F4FC4010E94B5
:104D0000E615C801855F9E4FDC0111962C91119725
:104D1000211102C021E02C930E94A713882321F0C7
:104D2000B401C6010E94E615F201808191810E94C2
:104D3000A713982EC6010E94A713892189831A827E
:104D40001B82CE0101960E94A71398012F5E3E4F51
:104D50006901882309F41AC6D7018D919C9122E03C
:104D600030E03C8F2B8F1D8E1F8E1E8E21E030E099
:104D70003B8B2A8B1C8A1E8A1D8A0E94AC089A8350
:104D800089831D821C829E01255E3F4FAE014E5ECF
:104D90005F4FBE016F5F7F4FCE0184960E94C508B2
:104DA000BE016C5D7F4FC8018C5E9E4F0E94B608AD
:104DB000F6018181811102C081E08083C6010E94D9
:104DC000A713882381F0F701C080D180B8016C5E01
:104DD0007E4FCE0101960E940109BE016F5F7F4F99
:104DE000C6010E94F30882E090E09A8389831B82C7
:104DF0001D821C82D7018D919C910E94AC086C0190
:104E0000CE0101960E94AC0821E0C816D90609F02F
:104E100020E02A8B1B8A1C8A6801B4EECB1ABEEFF5
:104E2000DB0ABE016E5E7F4FC6010E94E615C80117
:104E3000875E9E4FFC012181211102C021E0208369
:104E40000E94A7134801F1E18F0E911C882321F0E5
:104E5000B601C4010E94E615F801E157FE4F6080DB
:104E60007180680124E1C20ED11CB601CE01019609
:104E70000E94DA15BE016F5F7F4FCE0142960E94FD
:104E8000D61AA401BE016E5E7F4FCE014B960E94E2
:104E9000B015BE01655E7F4FC3010E94C11348017A
:104EA00037E6831A3EEF930AD4016D917C91625FDD
:104EB0007F4FCE0142960E949A08F4016081718171
:104EC0006B5F7F4FCE0101960E949A08CE0101963A
:104ED0000E9494073B014C01CE0142960E94940728
:104EE0009B01AC01C401B3010E94494C6B8F7C8FC4
:104EF0008D8F9E8F1F8E18A219A21AA21BA2F801D5
:104F0000E557FE4F808191810E9494073B014C013F
:104F1000CE014B960E9494079B01AC01332433943D
:104F2000C401B3010E94A14D87FD312C3CA21DA2FA
:104F30001EA24801FEED8F1AFEEF9F0ABE016C5DB6
:104F40007F4FC4010E94E615C801815E9E4FDC01BF
:104F500011962C911197211102C021E02C930E94EF
:104F6000A713882321F0B401C6010E94E615F201BF
:104F7000808191810E94A713982EC6010E94A713D9
:104F8000892189831A821B82CE0101960E94A71370
:104F900098012B5D3E4F6901882309F4FFC4D701B6
:104FA0008D919C9123E030E03C8F2B8F1D8E1F8EC6
:104FB0001E8E22E030E03B8B2A8B1C8A1E8A1D8AC3
:104FC0000E94AC089A8389831D821C829E01255E03
:104FD0003F4FAE014E5E5F4FBE016F5F7F4FCE0110
:104FE00084960E94C508BE016C5D7F4FC801885D34
:104FF0009E4F0E94B608F6018181811102C081E0B6
:105000008083C6010E94A713882381F0F701C08026
:10501000D180B801685D7E4FCE0101960E940109E2
:10502000BE016F5F7F4FC6010E94F30883E090E0EE
:105030009A8389831B821D821C82D7018D919C914A
:105040000E94AC086C01CE0101960E94AC0821E0E0
:10505000C816D90609F020E02A8B1B8A1C8A680131
:10506000B0EDCB1ABEEFDB0ABE016E5E7F4FC6010C
:105070000E94E615C801835D9E4FFC01218121112C
:1050800002C021E020830E94A7134801F0E28F0EA6
:10509000911C882321F0B601C4010E94E6159801F5
:1050A0002B563E4F3AA729A7D9016D907C906801F5
:1050B000B3E2CB0ED11CB601CE0101960E94DA15E7
:1050C000BE016F5F7F4FCE0142960E94D61AA401A7
:1050D000BE016E5E7F4FCE014B960E94B015BE01A1
:1050E000655E7F4FC3010E94C113B401C801889659
:1050F0000E94E6151801E7E62E1AEEEF3E0AD101EE
:10510000ED91FC9181A9882309F450C472A963A987
:1051100054A945A936A927A990AD81AD79836A83A1
:105120005B834C833D832E839F83888719861A86F1
:105130001B861C861D861E861F86188A198ABE013C
:105140006F5F7F4FC8018B960E944D07C8018696FE
:105150000E94E021F801E858FF4F8181811102C0CF
:1051600081E08083B801645C7F4FC6010E94E61530
:10517000F201808191810E94A713982EC6010E949E
:10518000A713892189831A821B82CE0101960E946E
:10519000A71398012D5C3E4F6901882309F40FC4C1
:1051A00084E090E09C8F8B8F1D8E1F8E1E8E83E07F
:1051B00090E09B8B8A8B1C8A1E8A1D8AD7018D9159
:1051C0009C910E94AC089A8389831D821C829E0157
:1051D000255E3F4FAE014E5E5F4FBE016F5F7F4F5A
:1051E000CE0184960E94C508BE016C5D7F4FC80148
:1051F0008A5C9E4F0E94B608F6018181811102C02F
:1052000081E08083C6010E94A713882381F0F70103
:10521000C080D180B8016A5C7E4FCE0101960E94A9
:105220000109BE016F5F7F4FC6010E94F30884E051
:1052300090E09A8389831B821D821C82D7018D9105
:105240009C910E94AC087C01CE0101960E94AC08A2
:1052500021E0E816F90609F020E02A8B1B8A1C8A57
:105260007801B2ECEB1ABEEFFB0ABE016E5E7F4F17
:10527000C7010E94E615C801855C9E4FFC01218193
:10528000211102C021E020830E94A7136801FBE7DF
:10529000CF0ED11C882321F0B701C6010E94E6156C
:1052A00098012F563E4F3CA72BA7D9018D909C907B
:1052B0007801BEE7EB0EF11CB701CE0101960E940A
:1052C000DA15BE016F5F7F4FCE0142960E94D61A5B
:1052D000A601BE016E5E7F4FCE014B960E94B015B7
:1052E000BE01655E7F4FC4010E94C11319821A82FC
:1052F0001B821C821D821E821F8218861986F8015D
:10530000E557FE4F808191810E9494072B013C015B
:10531000CE0101960E9494079B01AC01DD24D39439
:10532000C301B2010E94B54C18160CF4D12CDA8AD4
:105330001B8A1C8A6801ECEBCE1AEEEFDE0ABE0176
:105340006E5E7F4FC6010E94E615C8018F5B9E4FBF
:10535000DC0111962C911197211102C021E02C93B0
:105360000E94A713882321F0B601C7010E94E61509
:105370003801BDE76B1ABEEF7B0AF3018081918192
:105380000E94A713A701682FCE0101960E94C9159C
:10539000CE0101960E94A713980129563E4F79012C
:1053A000882309F414C385E090E09C8F8B8F1D8EB9
:1053B0001F8E1E8E84E090E09B8B8A8B1C8A1E8A37
:1053C0001D8AD9018D919C910E94AC089A83898392
:1053D0001B821D821C829E01255E3F4FAE014E5EE8
:1053E0005F4FBE016F5F7F4FCE0184960E94C5085C
:1053F000BE016C5D7F4FC801865B9E4F0E94B60860
:10540000F801E95BFE4F8181811102C081E0808358
:10541000C801895B9E4F0E94A713882381F0F70182
:10542000C080D180B801665B7E4FCE0101960E949C
:105430000109BE016F5F7F4FC6010E94F30885E03E
:1054400090E09A8389831B821D821C82D7018D91F3
:105450009C910E94AC086C01CE0101960E94AC08A0
:1054600021E0C816D90609F020E02A8B1B8A1C8A85
:105470006801BEEACB1ABEEFDB0ABE016E5E7F4F4B
:10548000C6010E94E615C801815B9E4FFC01218187
:10549000211102C021E020830E94A7134801F1E8F6
:1054A0008F0E911C882321F0B601C4010E94E615DD
:1054B00028012DE6421A2EEF520AD201CD90DC903F
:1054C000B401CE0101960E94DA15BE016F5F7F4FD5
:1054D000C6010E94C1136801B4E8CB0ED11CB6010D
:1054E000CE0101960E94DA15BE016F5F7F4FCE019B
:1054F00042960E94D61AA401BE016E5E7F4FCE0175
:105500004B960E94B015BE01655E7F4FC80187575C
:105510009F4F0E94E615F101A081B181FD01EE5B74
:10552000FF4F80813897882309F459C271856285BD
:1055300053854485358526859785808979836A8357
:105540005B834C833D832E839F83888719861A86CD
:105550001B861C861D861E861F86188A198ABE0118
:105560006F5F7F4FC80184579F4F0E944D07C8014E
:1055700089579F4F0E94E021F801E752FF4F818138
:10558000811102C081E08083B80163567F4FC6015C
:105590000E94E615D3018D919C910E94A713A6014C
:1055A000682FCE0101960E94C915CE0101960E9476
:1055B000A713882309F41DC286E090E09C8F8B8F8F
:1055C0001D8E1F8E1E8E85E090E09B8B8A8B1C8A21
:1055D0001E8A1D8AF701808191810E94AC089A83FE
:1055E00089831B821D821C829E01255E3F4FAE0176
:1055F0004E5E5F4FBE016F5F7F4FCE0184960E946B
:10560000C508BE016C5D7F4FC801885A9E4F0E943D
:10561000B608F801EB5AFE4F8181811102C081E08A
:105620008083C8018B5A9E4F0E94A713882381F064
:10563000D701CD90DC90B801685A7E4FCE0101961B
:105640000E940109BE016F5F7F4FC6010E94F308EF
:1056500086E090E09A8389831B821D821C82F70179
:10566000808191810E94AC086C01CE0101960E945C
:10567000AC0821E0C816D90609F020E02A8B1B8A65
:105680001C8A4801F0EA8F1AFEEF9F0ABE016E5E87
:105690007F4FC4010E94E615C801835A9E4FDC016A
:1056A00011962C911197211102C021E02C930E9498
:1056B000A7136801BCEDCB0ED11C882321F0B401E7
:1056C000C6010E94E615F301808191810E94A71313
:1056D000A501682FCE0101960E94C915CE01019641
:1056E0000E94A713882309F48CC11C8E1B8E1D8E6B
:1056F0001F8E1E8E86E090E09B8B8A8B1C8A1E8AF2
:105700001D8AD7018D919C910E94AC089A83898350
:105710001B821D821C829E01255E3F4FAE014E5EA4
:105720005F4FBE016F5F7F4FCE0184960E94C50818
:10573000BE016C5D7F4FC8018A599E4F0E94B6081A
:10574000F801ED59FE4F8181811102C081E0808313
:10575000C8018D599E4F0E94A713882381F0F7013D
:1057600080809180B8016A597E4FCE0101960E94D7
:105770000109BE016F5F7F4FC4010E94F308C6019B
:105780000E94A713882351F0F801E357FE4F0190C0
:10579000F081E02D8181811101C01082C6010E943B
:1057A000A713882351F0F801E157FE4F0190F081D3
:1057B000E02D8181811101C01082C6010E94A713D2
:1057C000882341F0A9A5BAA5ED91FC9181818111B1
:1057D00001C01082C6010E94A713882341F0ABA527
:1057E000BCA5ED91FC918181811101C01082C6019F
:1057F0000E94A713882339F0D201ED91FC91818199
:10580000811101C01082F301808191810E94A71350
:10581000F801E559FE4F91818111FBC0D801A259D1
:10582000BE4F12968C911297811104C027E030E090
:105830002D933C93911102C081E08083CF010E949F
:10584000A713882381F0D701CD90DC90B80162596D
:105850007E4FCE0101960E940109BE016F5F7F4F0E
:10586000C6010E94F308F301808191810E94A71371
:10587000D82EC5010E94A7138D2189831A821B820D
:10588000CE0101960E94A713F801ED58FE4F9181B9
:10589000882309F4C2C0D801AA58BE4F12968C9131
:1058A0001297811102C01D921C92911102C081E0D9
:1058B0008083CF010E94A713882381F0D701CD9068
:1058C000DC90B8016A587E4FCE0101960E94010912
:1058D000BE016F5F7F4FC6010E94F308C8010596A5
:1058E0000E94A713F801E558FE4F9181882309F41F
:1058F00098C0D801A258BE4F12968C911297811170
:1059000002C01D921C92911102C081E08083CF01E0
:105910000E94A713882381F0F701E080F180B8018D
:1059200062587E4FCE0101960E940109BE016F5F51
:105930007F4FC7010E94F308AC960FB6F894DEBF04
:105940000FBECDBFDF91CF911F910F91FF90EF90D0
:10595000DF90CF90BF90AF909F908F907F906F908F
:105960005F904F903F902F900895911142C8108200
:1059700040C8D90111968C9111978111A0C81C9231
:105980009EC8818181111CC910821AC9D901119642
:105990008C911197811112CA1C9210CAD9011196CB
:1059A0008C91119781112DCB1C922BCB71A562A5E7
:1059B00053A544A535A526A597A580A9AFCBD901A8
:1059C00011968C91119781111DCC1C921BCCF80162
:1059D000E95BFE4F818181111BCD108219CDDA96D2
:1059E0007C916181528143813481258196818781B7
:1059F000A5CDF801EB5AFE4F8181811112CE1082A4
:105A000010CEF801ED59FE4F81818111A1CE108297
:105A10009FCE911113CF108211CF91114ACF1082D6
:105A200048CF911174CF108272CFCF93DF93EB01E7
:105A30000E94A7138883DF91CF91089590E080E0C2
:105A4000FC01EE0FFF1FED52F84F0190F081E02DA9
:105A5000309709F0108201968833910589F7E3E9C0
:105A6000F7E083ED97E0A191B191109711F01D92AD
:105A70001C928E179F07B9F7EEECF4E08EE095E0EC
:105A8000A191B191109729F01D921D921D921C9227
:105A900013978E179F07A1F708950F931F938630D2
:105AA00038F060E070E080E090E01F910F91089581
:105AB0000CEE17E020E0332790E0880F991FB0E04C
:105AC000A0E0080F191F2A1F3B1F2BBFF8010791E9
:105AD000169160177107D0F400EE17E020E033272D
:105AE000800F911FA21FB31FABBFFC01879196913E
:105AF000660F771F660F771F680F791FFB012591CF
:105B00003491FB0132968491B901CECF80E060E000
:105B100070E0CACF0E944D2D672B59F0853148F4B3
:105B200099E0899FF0011124EF5EFB4F808590E0A2
:105B3000089590E080E008950F931F93CF938A011A
:105B40000E944D2DE82FCB010097B1F0E531A0F474
:105B500029E0E29FF0011124EF5EFB4FC085CC23CA
:105B600059F00480F581E02DB80119958C2F90E053
:105B7000CF911F910F91089590E080E0F9CF9E5F43
:105B8000FC0110820895EF92FF920F931F93CF9321
:105B9000DF93CDB7DEB7CC5FD2400FB6F894DEBF4F
:105BA0000FBECDBFFB0130813F3708F03EE7FB0160
:105BB000BE016F5F7D4FDB0120E0231751F0428172
:105BC00051814527542745274D935D932F5F32968A
:105BD000F4CF30E0DE01119650E040E07D01421745
:105BE000530748F4FB0101911191BF010D931D93DF
:105BF0004F5F5F4FF4CFD901AA0FBB1FAE0DBF1D82
:105C00001D921C92DC01BE5F41E04C93C150DE4FFF
:105C100039832883CF5FD140119680E092E0F7016D
:105C200001900D920197E1F7C450DD4F0FB6F89443
:105C3000DEBF0FBECDBFDF91CF911F910F91FF90BF
:105C4000EF900895EF92FF920F931F93CF93DF93FE
:105C5000CDB7DEB7CC5FD2400FB6F894DEBF0FBE33
:105C6000CDBFFB0130813F3708F03EE7FB01BE01AD
:105C70006F5F7D4FDB0120E0231751F0428151819E
:105C80004527542745274D935D932F5F3296F4CFD8
:105C900030E0DE01119650E040E07D0142175307ED
:105CA00048F4FB0101911191BF010D931D934F5FCA
:105CB0005F4FF4CFA901440F551F4E0D5F1DFA0130
:105CC00011821082C150DE4F39832883CF5FD140CB
:105CD00020E032E0F701DC0101900D9221503040CC
:105CE000D9F7C450DD4F0FB6F894DEBF0FBECDBF5D
:105CF000DF91CF911F910F91FF90EF9008958F5FEB
:105D00009E4FFC0110820895FC012181211108C0E1
:105D100021E0FB013081311101C020E0FC01208332
:105D20000895FC0181E0DB019C91911101C080E0AC
:105D300091E091838283808308950F931F93582F5E
:105D4000577001E010E020E030E004C0000F111FA8
:105D5000221F331F5A95D2F723E0969587952A95EF
:105D6000E1F79927E0914D08F0914E08662321F064
:105D7000E0915308F0915408E80FF91F8081442303
:105D800029F0082B00831F910F9108950095082397
:105D9000F9CF23E030E03093630620936206EDE70D
:105DA000F8E090914308908380588183628308953E
:105DB00020917D08209530E0F901EF5EFC4F908145
:105DC00090952F5E3D4FD9018C9140916206509184
:105DD000630642505109EDE7F8E031969F012D57D7
:105DE00038402417350770F420819227292F30E09E
:105DF000D901AF5EBC4F9C9198272F5E3D4FD901D2
:105E00008C91EBCF08952F923F924F925F926F92B9
:105E10007F928F929F92AF92BF92CF92DF92EF923A
:105E2000FF920F931F93CF93DF93CDB7DEB7C85583
:105E3000D1090FB6F894DEBF0FBECDBF10E000E071
:105E4000F801EE0FFF1FED52F84F0190F081E02DA9
:105E5000309749F041E08081811101C040E060E06D
:105E6000C8010E949D2E0F5F1F4F0833110541F797
:105E7000E0904408F090450803E917E02F961FAF23
:105E80000EAF2F978701005C1F4FF70123E937E022
:105E9000D9018D919D919D01009729F0DC018D9193
:105EA0009C919183808332960E171F0789F7D12C1E
:105EB000C12CF601EE0FFF1FED5DF84F0190F08150
:105EC000E02D309749F041E08081811101C040E030
:105ED00061E0C6010E949D2EBFEFCB1ADB0AE8E30A
:105EE000CE16D10431F743EE56E0E0915008F09120
:105EF00051089F01205C3F4FDA018D919D91AD01CA
:105F0000009729F0DC018D919C91918380833296DA
:105F1000E217F30789F7EBEBF6E06196FFAFEEAF20
:105F20006197F80108E6E00EF11C2BEB36E0D90191
:105F30008D919D919D01009729F0DC018D919C919F
:105F4000918380833296EE16FF0689F7E3E9F6E047
:105F50006396FFAFEEAF6397E0914708F091480872
:105F60009F01205B3F4F03E916E0D8018D919D9181
:105F70008D01009749F0DC014D915D916D917C910F
:105F8000408351836283738334962E173F0769F7EA
:105F9000EBE6F6E02D96FFAFEEAF2D97E0914A08C5
:105FA000F0914B089F0120563F4F8BE696E0DC01B5
:105FB000CD90DD90CD01C114D104F1F0D601EC906B
:105FC0001196FC90119712960C91129713961C91B2
:105FD000139714967C91149715966C9115971696B5
:105FE0005C91169717964C91E082F182028313839D
:105FF000748365835683478338962E173F07B9F617
:10600000F0904308C09068062996CFAE2997C090BB
:106010006906D0906A062796DFAECEAE2797279600
:10602000AEADBFAD2797ED91FC9111970084F1853E
:10603000E02DCD01199518161906BCF580917B0845
:1060400090917C088F3F910509F078F52796AEADC9
:10605000BFAD2797ED91FC9111970284F385E02D58
:10606000CD01199520917B0830917C08A9014F5FE3
:106070005F4F50937C0840937B082358374FF901BA
:1060800080832FB7F8948091730890917408A09141
:106090007508B09176082FBF80935E0690935F06D7
:1060A000A0936006B0936106BACF40917B085091EF
:1060B0007C084115510509F487C080917D08F816C8
:1060C00019F00E94A604F1CF4230510508F48AC1AC
:1060D00080917E0809E0802E912CA12CB12C833474
:1060E00009F442C028F5813158F48F3008F03EC1E0
:1060F0008150863038F188248A94982C540134C019
:10610000813409F469C18234B1F74830510508F48B
:1061100069C18090830890908408982489249824E9
:10612000B12CA12C1AE0810E911CA11CB11C1CC029
:10613000893470F4863408F04FC1843409F424C1E2
:106140008534C9F688E0882E912CA12CB12C0CC086
:106150008A3409F441C108F42DC115E0812E912C37
:10616000A12CB12C8B3439F631E083169306A104AF
:10617000B10408F0A6CF81149104A104B10429F060
:1061800084014815590508F031C12FB7F894809162
:10619000730890917408A0917508B09176082FBF8C
:1061A00040915E0650915F066091600670916106B5
:1061B000841B950BA60BB70B0997A105B10520F021
:1061C00010927C0810927B0840914D0850914E0827
:1061D00030E020E0F901EE0FFF1FED52F84F019083
:1061E000F081E02D309799F0D90183E0B695A7951D
:1061F0008A95E1F7A40FB51F8C9190E0622F67702C
:1062000002C0959587956A95E2F7817080832F5F2C
:106210003F4F28333105F1F68091440890914508AD
:10622000BC01605C7F4FDC012F96EEADFFAD2F9778
:10623000219131912F96FFAFEEAF2F9721153105A8
:1062400031F04D915C911197F90151834083129681
:106250006A177B0749F7FB0188599F4F6196AEADDE
:10626000BFAD61974D915D916196BFAFAEAF619744
:106270004115510529F020813181DA012D933C939C
:1062800032968E179F0751F7E0914708F091480822
:10629000CF01805B9F4F6396AEADBFAD63972D91ED
:1062A0003D916396BFAFAEAF63972115310551F0B5
:1062B0004081518162817381D9014D935D936D93CA
:1062C0007C93139734968E179F0729F7E0914A081D
:1062D000F0914B08CF0180569F4F2D96AEADBFADCC
:1062E0002D97ED90FD902D96BFAFAEAF2D97E11499
:1062F000F104F1F000811181728163815481458143
:1063000036812781D7010C9311961C931197129611
:106310007C93129713966C93139714965C9314972F
:1063200015964C93159716963C93169717962C93A3
:1063300038968E179F0789F6C85ADF4F0FB6F89424
:10634000DEBF0FBECDBFDF91CF911F910F91FF90A8
:10635000EF90DF90CF90BF90AF909F908F907F9005
:106360006F905F904F903F902F9008954730510568
:10637000C8F180908308912CB12CA12CF9E08F0EEC
:10638000911CA11CB11CF0CE4430510558F1209154
:106390007F0830918008322723273227A3E0B0E01E
:1063A0000E943D4E4B015C0106E0800E911CA11C39
:1063B000B11CDACE44305105A8F080907F0890904F
:1063C0008008982489249824B12CA12C26E0820EE0
:1063D000911CA11CB11CC8CEA4E08A2E912CA12C2A
:1063E000B12CC2CE812C912C5401BECED0907E080F
:1063F0008FEB8D0D8A3000F19092630680926206D9
:106400000E94D82EB501A4014250510961097109B9
:106410004358574FDA012C91B1E08B1A9108A1082B
:10642000B108F401E358F74F30812327322723279F
:106430002817390709F045CE025011091093630659
:106440000093620660907F0870908008762467242D
:10645000762440907F0800918108109182081027CF
:1064600001271027E0908008F0908108FE24EF2497
:10647000FE24C0908208E2E4DE1609F4B4C7ED15EC
:1064800008F480C0F5E0DF1609F4E0C5FD1570F1F1
:10649000F2E0CF2EDC1409F41FC5CD1450F0EE2429
:1064A000E394DE1409F48FC461E070E08D2D90E078
:1064B00041C0E3E0FE2EDF1409F4E0C124E0D21273
:1064C000F3CFC801019763E070E08D37910558F470
:1064D00020915208C301800F911F2817190608F058
:1064E00084C562E070E084E090E024C03FE0D31611
:1064F00009F4CBC53D1508F146E0D412D5CF209163
:1065000046088091490890E0880F991FE22FF0E03B
:106510008E0F9F1F40914C0824E0429FA001112440
:10652000480F591F6416750608F49BC062E070E0BE
:1065300086E090E00E94C92EA1C080E1D81609F43F
:10654000C2C291E4D912B0CFD0927E0886E0809387
:106550007F088EE7809380080DE718E0F12C8F2DDF
:106560000E948307F80194838583F3940E5F1F4F85
:10657000F6E0FF12F4CF80E190E090936306809301
:1065800062067CC0A7E4DA1609F4A0C7AD1508F4CA
:1065900041C0B4E4DB1609F4ABC6DB1608F432C61E
:1065A000E5E4DE1609F468C7F6E4DF127DCF2FB705
:1065B000F8948091730890917408A0917508B09137
:1065C00076082FBFD0927E082EE720937F08209177
:1065D0000802209380082091600830916108409162
:1065E0006208509163085093810840938208309369
:1065F000830820938408B0938508A093860890931D
:1066000087088093880880910902809389088DE02B
:1066100090E0B3CF79E4C72EDC1409F481C7DC1411
:1066200008F473C76AE4E62EDE1409F486C75BE457
:10663000F52EDF1039CFE1E04E1282C710926808C4
:106640008BE480937E088EE780937F088091080218
:1066500080938008809109028093810885E090E012
:106660008CCF6E167F06D8F4660C771CE091440838
:10667000F0914508E60DF71D1183008380916206B5
:106680009091630602968130914008F45CC5809138
:106690007E0864E070E090E00E94C92E54C5681640
:1066A0007906F0F5A80170E060E0809147089091CC
:1066B000480860FC1CC0D301AE1BBF0BFD01EE0FF0
:1066C000FF1FEC7FF370E80FF91F80819181A28199
:1066D000B381AA27BB27BA0155274427842B952BC2
:1066E000A62BB72B80839183A283B383C7CFE0957A
:1066F000F095E60DF71DEE0FFF1FEC7FF370E80F2E
:10670000F91F008111812281338100271127042B79
:10671000152B262B372B0083118322833383AECF97
:106720009301237033274801B12CA12CC12CD12C0B
:106730007601E0914A08F0914B082115310549F5A1
:10674000681A790A660C771CB8EF6B22B7E07B22D7
:10675000E60DF71D4080618072801381B481A581B0
:10676000940140E050E060E070E080E090E000E301
:106770000E94AB4E24292083362931834729428346
:10678000512B5383B62BB483A72BA5838683978382
:1067900075CF2130310541F50FEF601A700A681A84
:1067A000790A660C771C18EF612217E07122E60D5A
:1067B000F71D4080618072801381B681A7819401AA
:1067C000A501B601C70100E20E94AB4E2429208337
:1067D0003629318347294283152B138364837583BC
:1067E0008B2B86839A2BD3CF2230310529F522E0DB
:1067F000620E711C681A790A660C771C38EF6322E6
:1068000037E07322E60DF71D4080618074801581AA
:10681000B681A7819401A501B601C70100E10E94DC
:10682000AB4E242920833629318342835383762A31
:106830007482172B1583D4CF43E0640E711C681A41
:10684000790A660C771C88EF682287E07822E60DCB
:10685000F71D528143813481258196818781808211
:1068600091825A2952834B2943833C2934832D2911
:1068700025839E2996838F29878300CFC80101979E
:1068800063E070E08D379105C8F44301800E911EDE
:1068900020914608E0914908F0E0EE0FFF1FE20F5B
:1068A000F11D80914C08A4E08A9FC00111248E0F35
:1068B0009F1F8816990628F062E070E083E090E060
:1068C00039CE000F111F0D5F1F4F10936306009309
:1068D00062064DE7E42E48E0F42ED7011196CD0173
:1068E0008D5798408017910710F41C92F7CF83E0E2
:1068F00080937E08035000937F08C0904A08D09090
:106900004B08A0904708B090480840904408509029
:106910004508A22FB0E02B96BFAFAEAF2B9783E018
:1069200090E0DC01AE1BBF0BBEAFADAF2B962EAC23
:106930003FAC2B97209430948614970409F49ECE94
:106940002B96AEADBFAD2B976A167B0650F4930124
:10695000220F331F240D351DD9018C9111963C91C6
:106960001CC06E167F0680F560FC24C0C3012B9608
:10697000AEADBFAD2B978A1B9B0B880F991F8C7FE9
:1069800093708A0D9B1DDC014D915D916D917C9101
:10699000AB0166277727842F352FD70113963C93B9
:1069A000139714968C93B2E0EB0EF11C0FEF601A64
:1069B000700AC2CF9101260D371D220F331F2C7F85
:1069C00033702A0D3B1DC8CF8301037011270115B9
:1069D000110521F583010E1B1F0B000F111F087FEE
:1069E00017700C0D1D1DD8012C9111963C9111971B
:1069F00012964C91129713965C91139714966C9182
:106A0000149715967C91159716968C911697179654
:106A10009C9100E30E94C64E822FBFCF013011052A
:106A200011F50E1B1F0B060D171D000F111F087F00
:106A300017700C0D1D1DD8012C9111963C911197CA
:106A400012964C91129713965C91139714966C9131
:106A5000149715967C91159716968C911697179604
:106A60009C9100E2D7CF0230110511F50E1B1F0BD0
:106A7000060D171D000F111F087F17700C0D1D1D2F
:106A8000D8012C9111963C91119712964C91129726
:106A900013965C91139714966C91149715967C91AC
:106AA000159716968C91169717969C9100E1B2CF88
:106AB0002DAD3EAD260D371D220F331F287F3770B9
:106AC0002C0D3D1D49CFC80101978B37910540F42E
:106AD00020918308C801880F991F2817190629F0EB
:106AE00063E070E080E190E025CD2301400E511E6F
:106AF00020914608A0914908B0E0AA0FBB1FA20F41
:106B0000B11D80914C0834E0839FC00111248A0F8D
:106B10009B1F4816590618F062E070E0E3CF86E04C
:106B200090E0909363068093620680E180937E08F4
:106B300070927F086092800810928108009382080A
:106B400080904A0890904B08E0914708F0914808DF
:106B50002B96FFAFEEAF2B97C0904408D09045081E
:106B60006596DFAECEAE65973DE7232E38E0332E37
:106B7000A22EB12C83E090E07C01EA1AFB0A679612
:106B8000FFAEEEAE6797F501E095F0956996FFAF21
:106B9000EEAF69976414750409F4D5C2F101478119
:106BA0008085542F482F6A147B0490F4F301EE0F74
:106BB000FF1F6596CEACDFAC6597EC0DFD1D5183D4
:106BC00040833FEF631A730A42E0240E311CE2CF88
:106BD0006A167B06D0F570E060E060FC1FC0F30130
:106BE000EA19FB09EE0FFF1FEC7FF3702B96EEAC5A
:106BF000FFAC2B97EE0DFF1D0081118122813381A7
:106C000022273327BA0155274427402B512B622BCB
:106C1000732B4083518362837383D3CF6996EEAD28
:106C2000FFAD6997E60DF71DEE0FFF1FEC7FF370C8
:106C30002B96CEACDFAC2B97EC0DFD1D00811181A6
:106C40002281338100271127E0CFF301E370FF2772
:106C50006A01F12CE12C00E010E09801CDAEDEAE2F
:106C6000EFAE2196FFAE219722960FAF2297239683
:106C70001FAF239724962FAF249725963FAF2597D4
:106C8000309779F5F301EA1BFB0BEE0FFF1FE87F4E
:106C9000F770E80DF91DD0802896DFAE2897C180E7
:106CA000D280E380F48015812DAD3EAD40E050E010
:106CB00060E070E080E090E000E30E94AB4E289638
:106CC0000FAD2897202B20833C2931834D29428307
:106CD0005E295383F62AF482172B158386839783C4
:106CE00070CFE130F10579F5EA1BFB0BE60DF71DDE
:106CF000EE0FFF1FE87FF770E80DF91D1081289651
:106D00001FAF2897C180D280E380F68017812DAD18
:106D10003EAD40E050E060E070E080E090E000E2F6
:106D20000E94AB4E28960FAD2897202B20833C293C
:106D300031834D294283E52AE382648375838F2959
:106D40008683912BCCCFE230F10561F5EA1BFB0B7A
:106D5000E60DF71DEE0FFF1FE87FF770E80DF91D38
:106D6000108128961FAF2897C180D480E580F680D7
:106D700017812DAD3EAD40E050E060E070E080E076
:106D800090E000E10E94AB4E28960FAD2897202B93
:106D900020833C29318342835383D62AD482E72A35
:106DA000E582CDCF6796EEADFFAD6797E60DF71D97
:106DB000EE0FFF1FE87FF770E80DF91D1DAD108382
:106DC0002EAD2183FECEC801019763E070E0803DC7
:106DD000974030F520914F08C301800F911F62E06A
:106DE00070E028171906E0F0C80123E09695879512
:106DF0002A95E1F7980127703327232BA1F40396F6
:106E00009093630680936206809162069091630678
:106E1000EDE7F8E08130B1E09B0738F064E070E026
:106E200081E090E087CB0496EBCF31969F012D5700
:106E300038402817390710F41082F7CF91E090936B
:106E40007E08835080937F08A0904D08B0904E0834
:106E500070E060E020E0C12CD12C7601C3941601D3
:106E60002701022E04C0220C331C441C551C0A941A
:106E7000D2F7FB0133E0F695E7953A95E1F7E05854
:106E8000F74F3081A301A3E056954795AA95E1F706
:106E90004F7155274A0D5B1DDA014C9150E0B62D1C
:106EA000B77002C055954795BA95E2F7822D40FF1D
:106EB0000FC0832B80832F5F283009F420E0EFEF91
:106EC0006E1A7E0A6F5F7F4F0617170741F6D6CB03
:106ED000809538233083EFCFC801019763E070E0DD
:106EE000803D974030F520915508C301800F911FD8
:106EF00062E070E028171906E0F0C80123E09695DB
:106F000087952A95E1F7980127703327232BA1F461
:106F10000396909363068093620680916206909137
:106F20006306EDE7F8E0813021E0920738F064E095
:106F300070E082E090E0FECA0496EBCF31969F01AC
:106F40002D5738402817390710F41082F7CF92E0F8
:106F500090937E08835080937F08609153087091CE
:106F6000540850E040E0B12CC12CD12C7601C394E0
:106F7000160127010B2C04C0220C331C441C551C89
:106F80000A94D2F7FA0133E0F695E7953A95E1F7DE
:106F9000E058F74FA0809301A3E036952795AA9576
:106FA000E1F7260F372F311DD9012C9130E0B62D96
:106FB000B77002C035952795BA95E2F7822D20FF6C
:106FC00010C08A298083B394E8E0BE1201C0B12CBE
:106FD000FFEF6F1A7F0A4F5F5F4F0417150741F6E7
:106FE0004DCB8095A822A082EECFC801880F991FB3
:106FF00003969093630680936206EDE7F8E0DF0165
:1070000011969D012D5738402817390710F41C920E
:10701000F7CF94E090937E08835080937F08660CAE
:10702000771CA0915008B0915108A60DB71D0150D2
:10703000110932960F3F100709F420CB8C9111965D
:107040009C911197129691838283F1CF01153FEFA6
:10705000130729F063E070E00115110549F48091F0
:107060004F088150990B8615970528F462E070E06F
:1070700085E090E05FCA41E001151F4F09F040E054
:1070800060E0C3010E949D2EF9CA9801B3E03695D5
:107090002795BA95E1F7822FA80147705527452B10
:1070A00011F081E0820F980121503109203B3740D7
:1070B00020F490918308981729F063E070E08FE046
:1070C00090E038CA20914F08C301800F911F281704
:1070D000190618F462E070E0F2CF86E090E0909339
:1070E0006306809362068FE080937E0870927F082B
:1070F000609280081093810800938208F12CE12CA3
:10710000D12CF701A3E0F695E795AA95E1F7E358AE
:10711000F74F478150E00D2C02C0559547950A94D2
:10712000E2F7417060E0C701860D971D0E949D2E19
:10713000D394A8E0DA1201C0D12CBFEFEB1AFB0AFE
:10714000E016F106F1F6E0906206F0906306870122
:107150000E5F1F4F10936306009362060E94D82EA5
:10716000F701E358F74F908381832996CFAC299795
:10717000C7FC12C061E08C2D0E94C404809164069B
:10718000909165068230910538F0880F991F880F1D
:10719000991F05970197F1F72796AEADBFAD2797D9
:1071A000ED91FC9111970280F381E02DA8016DE72C
:1071B00078E0CD0119952796AEADBFAD2797ED913B
:1071C000FC9111970680F781E02DCD0119958091F2
:1071D0006406909165068230910538F0880F991FFA
:1071E000880F991F05970197F1F72996CFAC29973A
:1071F000C7FE02C00C94E03060E08C2D0E94C404F5
:107200000C94E03075E0C72EC41408F466C0C0903A
:107210008208D0908308842D0E948307009709F488
:107220005CC0E816F90608F058C0DC24CD24DC2444
:10723000C816D90608F051C0CE14DF0408F44DC0BA
:10724000470168E8A62E68E0B62E10E000E0B40121
:10725000842D0E948A2D9C01200F311F255F3F4FF6
:107260002130314098F4892B59F0A501B401842DC7
:107270000E949C2D009721F0A80EB91E080F191F1F
:10728000C40101967401C816D90628F5C8010B96E9
:10729000909363068093620683E480937E088EE772
:1072A00080937F08F0928008E092810880916008C6
:1072B00090916108209162083091630830938208B0
:1072C0002093830890938408809385081093860800
:1072D00000938708D3C94C01BACF83E090E0909324
:1072E00063068093620683E480937E0881E878C019
:1072F00085E16816710408F06AC0C301880F991F00
:10730000860D971DA1E8B8E08E010F5F1F4FF801B1
:107310009F01201B310B2817390718F42D91219359
:10732000F7CFB12CA12C412CD12CC12C4BE0E42E59
:10733000F12C6A147B0441F1D8013C9011968C9099
:10734000119712968C91982C882EB401832D0E944F
:107350008A2D009791F08E0D9F1D81309140A0F4F1
:10736000A7014358574FB401832D0E949C2D0097CD
:1073700021F0E80EF91EC80ED91E0D5F1F4F4A2CD2
:10738000F50131965F01D5CFF0926306E092620677
:1073900084E480937E088EE780937F0810928008B3
:1073A0004092810880916008909161082091620864
:1073B0003091630830938208209383089093840867
:1073C00080938508D0928608C092870857C983E0C9
:1073D00090E09093630680936206D0927E0882E8E4
:1073E00080937F084BC9009183081091840810276F
:1073F00001271027093F110548F083E090E09093A2
:10740000630680936206D0927E0870CFB701842D08
:107410000E944D2D282FCB01009751F1253140F5C9
:1074200030E049E0429FF001439FF00D1124EF5EF0
:10743000FB4FCC20C1F020852223E1F0201711065C
:1074400009F0C0F40190F081E02D65E878E019952D
:107450008EE723E030E0309363062093620692E4E7
:1074600090937E08BDCF0280F381E02D1995F0CF77
:1074700081E8EFCF82E8EDCFD0927E088EE780934F
:107480007F0881E2E7E3F6E0AE014F5F5F4FDA018C
:1074900001900D928A95E1F7E0E8F8E0DA01CD017C
:1074A000841B950B6D919F012D573840662311F079
:1074B0006193F5CF2358374F4DEAD9014C93FC0126
:1074C000E358F74F2EED2483059657C8D0927E08D7
:1074D0008EE780937F0886E0E8E5F6E0DE0111960E
:1074E00001900D928A95E1F7FE013196A0E8B8E08F
:1074F00081919D012D573840882311F08D93F8CF4D
:107500003093630620936206B9C888E480937E08AE
:107510008EE780937F081092800884E090E02DC869
:10752000D0927E0884E8B2E66B16710409F485E80F
:1075300080937F0883E090E020C8D0927E08F7CF48
:1075400081E0809368087CC80F931F93CF93DF93EB
:107550008B01FC01FE5F2081222351F19C012F5FF2
:107560003D4F22503E4FD9012D913C912F3731058F
:1075700010F02EE730E0622FE80128834081442399
:1075800011F08F5F9D4FFC01D80180E0861790F4C9
:107590009081329611969C931197AF0142505109F8
:1075A000EA01998112969C9312978F5F1296EECF03
:1075B0009C01D7CF220F331F2F5F3F4F2D3F310547
:1075C00079F04DEF50E0421B530B70E060E0C801D2
:1075D000820F931FDF91CF911F910F910C94425016
:1075E000DF91CF911F910F9108950C94B04F0C949F
:1075F000B04F0C94B04F0C94B04F0C94B04F0C940F
:10760000B04F0C94B04F0C94B04F0C94B04F0C94FE
:10761000B04F0C94B04F0C94B04F0C94B04F0F93EC
:107620001F93CF93DF93CDB7DEB7C150D1400FB6D4
:10763000F894DEBF0FBECDBF8C01FB0140814F37F8
:1076400008F04EE750E0C050DF4F59834883C050E8
:10765000D1406F5F7F4FCE0101960E943950C050DC
:10766000DF4FE881F981C050D14081E090E08C0F7C
:107670009D1FE80FF91F108281E091E0FE01319615
:10768000D80101900D920197E1F7CF5FDE4F0FB661
:10769000F894DEBF0FBECDBFDF91CF911F910F9148
:1076A00008950F931F93CF93DF93CDB7DEB7C150EB
:1076B000D1400FB6F894DEBF0FBECDBF8C01FB01E9
:1076C00040814F3708F04EE750E0C050DF4F5983FC
:1076D0004883C050D1406F5F7F4FCE0101960E941A
:1076E0003950C050DF4FE881F981C050D14081E06E
:1076F00090E08C0F9D1FE80FF91F1082F801EF5FDB
:10770000FE4F81E08083D801AE5FBE4F81E091E003
:10771000FE01319601900D920197E1F7CF5FDE4FA8
:107720000FB6F894DEBF0FBECDBFDF91CF911F9192
:107730000F910895FF920F931F93CF93DF938B01C7
:10774000FC01EF5FFE4F2081222319F19C012E5F87
:107750003E4F21503F4FD901CD91DC91CF37D1051C
:1077600010F0CEE7D0E0FC2ED801CC93C11113C0AD
:107770004EE750E04C1B5D0BCE01019670E060E0DF
:10778000800F911FDF91CF911F910F91FF900C946B
:1077900042509C01DECF2081BC01222311F06E5F9C
:1077A0007E4FAE01C80101960E9439508EE7F81253
:1077B000DFCFDF91CF911F910F91FF9008951F921E
:1077C0000F920FB60F9211242F933F938F939F9395
:1077D000AF93BF938091730890917408A09175083E
:1077E000B09176083091720823E0230F2D3758F5B9
:1077F0000196A11DB11D2093720880937308909388
:107800007408A0937508B0937608809177089091DA
:107810007808A0917908B0917A080196A11DB11D50
:107820008093770890937808A0937908B0937A08AA
:10783000BF91AF919F918F913F912F910F900FBE6C
:107840000F901F90189526E8230F0296A11DB11DD9
:10785000D2CF1F920F920FB60F9211240BB60F9238
:107860002F933F934F935F936F937F938F939F9348
:10787000AF93BF93EF93FF938DE799E00E94EF05DD
:10788000FF91EF91BF91AF919F918F917F916F91F8
:107890005F914F913F912F910F900BBE0F900FBEB4
:1078A0000F901F9018951F920F920FB60F921124F0
:1078B0000BB60F922F938F939F93EF93FF93E091CB
:1078C0008D09F0918E098081E0919309F0919409DE
:1078D00082FD1DC09081809196098F5F8F732091EA
:1078E0009709821741F0E0919609F0E0E358F64FCE
:1078F000958F80939609FF91EF919F918F912F9192
:107900000F900BBE0F900FBE0F901F9018958081A7
:10791000F2CF2091C92D3091CA2D4091CB2D50919D
:10792000CC2D6091CD2D7091CE2D8091CF2D909149
:10793000D02DA1E00E94EA4E2093C92D3093CA2D8C
:107940004093CB2D5093CC2D6093CD2D7093CE2DA5
:107950008093CF2D9093D02D0E94084F31F4109238
:10796000C62D1092C72D1092C82D2091BE2D30919A
:10797000BF2D4091C02D5091C12D6091C22D7091AD
:10798000C32D8091C42D9091C52DA1E00E94EA4E97
:107990002093BE2D3093BF2D4093C02D5093C12D09
:1079A0006093C22D7093C32D8093C42D9093C52DE9
:1079B0000E94084F31F41092BB2D1092BC2D1092F2
:1079C000BD2D2091B32D3091B42D4091B52D509106
:1079D000B62D6091B72D7091B82D8091B92D9091F1
:1079E000BA2DA1E00E94EA4E2093B32D3093B42D1E
:1079F0004093B52D5093B62D6093B72D7093B82D4D
:107A00008093B92D9093BA2D0E94084F31F41092B3
:107A1000B02D1092B12D1092B22D2091A82D309141
:107A2000A92D4091AA2D5091AB2D6091AC2D709154
:107A3000AD2D8091AE2D9091AF2DA1E00E94EA4E28
:107A40002093A82D3093A92D4093AA2D5093AB2DB0
:107A50006093AC2D7093AD2D8093AE2D9093AF2D90
:107A60000E94084F31F41092A52D1092A62D10926D
:107A7000A72D20919D2D30919E2D40919F2D5091AD
:107A8000A02D6091A12D7091A22D8091A32D909198
:107A9000A42DA1E00E94EA4E20939D2D30939E2DAF
:107AA00040939F2D5093A02D6093A12D7093A22DF4
:107AB0008093A32D9093A42D0E94084F31F410922F
:107AC0009A2D10929B2D10929C2D2091922D3091E9
:107AD000932D4091942D5091952D6091962D7091FC
:107AE000972D8091982D9091992DA1E00E94EA4EBA
:107AF0002093922D3093932D4093942D5093952D58
:107B00006093962D7093972D8093982D9093992D37
:107B10000E94084F31F410928F2D1092902D1092E8
:107B2000912D2091872D3091882D4091892D509154
:107B30008A2D60918B2D70918C2D80918D2D90913F
:107B40008E2DA1E00E94EA4E2093872D3093882D40
:107B50004093892D50938A2D60938B2D70938C2D9B
:107B600080938D2D90938E2D0E94084F91F410924A
:107B70007E2D10927F2D1092802D1092812D1092CB
:107B8000822D1092832D1092842D1092852D1092AB
:107B9000862D2091762D3091772D4091782D509122
:107BA000792D60917A2D70917B2D80917C2D909113
:107BB0007D2DA1E00E94EA4E2093762D3093772D03
:107BC0004093782D5093792D60937A2D70937B2D6F
:107BD00080937C2D90937D2D0E94084F91F41092FC
:107BE0006D2D10926E2D10926F2D1092702D10929F
:107BF000712D1092722D1092732D1092742D10927F
:107C0000752D2091652D3091662D4091672D5091F5
:107C1000682D6091692D70916A2D80916B2D9091E6
:107C20006C2DA1E00E94EA4E2093652D3093662DC5
:107C30004093672D5093682D6093692D70936A2D42
:107C400080936B2D90936C2D0E94084F91F41092AD
:107C50005C2D10925D2D10925E2D10925F2D109272
:107C6000602D1092612D1092622D1092632D109252
:107C7000642D2091542D3091552D4091562D5091C9
:107C8000572D6091582D7091592D80915A2D9091BA
:107C90005B2DA1E00E94EA4E2093542D3093552D88
:107CA0004093562D5093572D6093582D7093592D16
:107CB00080935A2D90935B2D0E94084F91F410925F
:107CC0004B2D10924C2D10924D2D10924E2D109246
:107CD0004F2D1092502D1092512D1092522D109226
:107CE000532D2091432D3091442D4091452D50919D
:107CF000462D6091472D7091482D8091492D90918E
:107D00004A2DA1E00E94EA4E2093432D3093442D4A
:107D10004093452D5093462D6093472D7093482DE9
:107D20008093492D90934A2D0E94084F31F4109270
:107D3000402D1092412D1092422D2091382D3091DE
:107D4000392D40913A2D50913B2D60913C2D7091F1
:107D50003D2D80913E2D90913F2DA1E00E94EA4E55
:107D60002093382D3093392D40933A2D50933B2D4D
:107D700060933C2D70933D2D80933E2D90933F2D2D
:107D80000E94084F31F41092352D1092362D10922A
:107D9000372D20912D2D30912E2D40912F2D50914A
:107DA000302D6091312D7091322D8091332D909135
:107DB000342DA1E00E94EA4E20932D2D30932E2DDC
:107DC00040932F2D5093302D6093312D7093322D91
:107DD0008093332D9093342D0E94084F31F41092EC
:107DE0002A2D10922B2D10922C2D2091222D309186
:107DF000232D4091242D5091252D6091262D709199
:107E0000272D8091282D9091292DA1E00E94EA4EE6
:107E10002093222D3093232D4093242D5093252DF4
:107E20006093262D7093272D8093282D9093292DD4
:107E30000E94084F31F410921F2D1092202D1092A5
:107E4000212D2091172D3091182D4091192D5091F1
:107E50001A2D60911B2D70911C2D80911D2D9091DC
:107E60001E2DA1E00E94EA4E2093172D3093182D6D
:107E70004093192D50931A2D60931B2D70931C2D38
:107E800080931D2D90931E2D0E94084F31F4109267
:107E9000142D1092152D1092162D20910C2D30912D
:107EA0000D2D40910E2D50910F2D6091102D709140
:107EB000112D8091122D9091132DA1E00E94EA4E78
:107EC00020930C2D30930D2D40930E2D50930F2D9C
:107ED0006093102D7093112D8093122D9093132D7C
:107EE0000E94084F31F41092092D10920A2D109221
:107EF0000B2D2091012D3091022D4091032D509199
:107F0000042D6091052D7091062D8091072D909183
:107F1000082DA1E00E94EA4E2093012D3093022DFE
:107F20004093032D5093042D6093052D7093062DDF
:107F30008093072D9093082D0E94084F31F41092E2
:107F4000FE2C1092FF2C1092002D2091F62C3091D7
:107F5000F72C4091F82C5091F92C6091FA2C7091EB
:107F6000FB2C8091FC2C9091FD2CA1E00E94EA4E0C
:107F70002093F62C3093F72C4093F82C5093F92C47
:107F80006093FA2C7093FB2C8093FC2C9093FD2C27
:107F90000E94084F31F41092F32C1092F42C10929E
:107FA000F52C2091EB2C3091EC2C4091ED2C509144
:107FB000EE2C6091EF2C7091F02C8091F12C90912F
:107FC000F22CA1E00E94EA4E2093EB2C3093EC2C93
:107FD0004093ED2C5093EE2C6093EF2C7093F02C8B
:107FE0008093F12C9093F22C0E94084F31F4109260
:107FF000E82C1092E92C1092EA2C2091E02C309180
:10800000E12C4091E22C5091E32C6091E42C709192
:10801000E52C8091E62C9091E72CA1E00E94EA4E9D
:108020002093E02C3093E12C4093E22C5093E32CEE
:108030006093E42C7093E52C8093E62C9093E72CCE
:108040000E94084F31F41092DD2C1092DE2C109219
:10805000DF2C2091D52C3091D62C4091D72C5091EB
:10806000D82C6091D92C7091DA2C8091DB2C9091D6
:10807000DC2CA1E00E94EA4E2093D52C3093D62C24
:108080004093D72C5093D82C6093D92C7093DA2C32
:108090008093DB2C9093DC2C0E94084F31F41092DB
:1080A000D22C1092D32C1092D42C2091CA2C309127
:1080B000CB2C4091CC2C5091CD2C6091CE2C70913A
:1080C000CF2C8091D02C9091D12CA1E00E94EA4E2F
:1080D0002093CA2C3093CB2C4093CC2C5093CD2C96
:1080E0006093CE2C7093CF2C8093D02C9093D12C76
:1080F0000E94084F31F41092C72C1092C82C109295
:10810000C92C2091BF2C3091C02C4091C12C509192
:10811000C22C6091C32C7091C42C8091C52C90917D
:10812000C62CA1E00E94EA4E2093BF2C3093C02CB5
:108130004093C12C5093C22C6093C32C7093C42CD9
:108140008093C52C9093C62C0E94084F31F4109256
:10815000BC2C1092BD2C1092BE2C2091B42C3091CE
:10816000B52C4091B62C5091B72C6091B82C7091E1
:10817000B92C8091BA2C9091BB2CA1E00E94EA4EC0
:108180002093B42C3093B52C4093B62C5093B72C3D
:108190006093B82C7093B92C8093BA2C9093BB2C1D
:1081A0000E94084F31F41092B12C1092B22C109210
:1081B000B32C2091A92C3091AA2C4091AB2C50913A
:1081C000AC2C6091AD2C7091AE2C8091AF2C909125
:1081D000B02CA1E00E94EA4E2093A92C3093AA2C47
:1081E0004093AB2C5093AC2C6093AD2C7093AE2C81
:1081F0008093AF2C9093B02C0E94084F31F41092D2
:10820000A62C1092A72C1092A82C20919E2C309175
:108210009F2C4091A02C5091A12C6091A22C709188
:10822000A32C8091A42C9091A52CA1E00E94EA4E51
:1082300020939E2C30939F2C4093A02C5093A12CE4
:108240006093A22C7093A32C8093A42C9093A52CC4
:108250000E94084F31F410929B2C10929C2C10928B
:108260009D2C2091932C3091942C4091952C5091E1
:10827000962C6091972C7091982C8091992C9091CC
:108280009A2CA1E00E94EA4E2093932C3093942CD8
:108290004093952C5093962C6093972C7093982C28
:1082A0008093992C90939A2C0E94084F51F410922D
:1082B0008F2C10928E2C1092902C1092922C109247
:1082C000912C2091862C3091872C4091882C5091B4
:1082D000892C60918A2C70918B2C80918C2C9091A0
:1082E0008D2CA1E00E94EA4E2093862C3093872C9F
:1082F0004093882C5093892C60938A2C70938B2CFC
:1083000080938C2C90938D2C0E94084F31F4109206
:10831000832C1092842C1092852C20917B2C3091F0
:108320007C2C40917D2C50917E2C60917F2C709103
:10833000802C8091812C9091822CA1E00E94EA4EA9
:1083400020937B2C30937C2C40937D2C50937E2C5F
:1083500060937F2C7093802C8093812C9093822C3F
:108360000E94084F49F48BE4E0E3FCE2DF011D9238
:108370008A95E9F70C94920B089510928009109257
:108380007F0988EE93E0A0E0B0E0809381099093AC
:108390008209A0938309B093840984ED95E09093BA
:1083A0007E0980937D0985EC90E090938A09809303
:1083B000890984EC90E090938C0980938B0980EC80
:1083C00090E090938E0980938D0981EC90E09093DA
:1083D000900980938F0982EC90E0909392098093AA
:1083E000910986EC90E09093940980939309109200
:1083F00096091092970910929809109299090E9473
:10840000893C0E94893C0E94893C0E94893C0E94D0
:10841000893C0E94893C0E94893C0E94893C0E94C0
:10842000893C0E94893C0E94893C0E94893C0E94B0
:10843000893C0E94893C2091C92D3091CA2D4091E0
:10844000CB2D5091CC2D6091CD2D7091CE2D809162
:10845000CF2D9091D02DA1E00E94EA4E2093C92DFE
:108460003093CA2D4093CB2D5093CC2D6093CD2DBE
:108470007093CE2D8093CF2D9093D02D0E94084FD6
:1084800031F41092C62D1092C72D1092C82D209154
:10849000BE2D3091BF2D4091C02D5091C12D6091C6
:1084A000C22D7091C32D8091C42D9091C52DA1E056
:1084B0000E94EA4E2093BE2D3093BF2D4093C02DD5
:1084C0005093C12D6093C22D7093C32D8093C42D02
:1084D0009093C52D0E94084F31F41092BB2D10923D
:1084E000BC2D1092BD2D2091B32D3091B42D409113
:1084F000B52D5091B62D6091B72D7091B82D80910A
:10850000B92D9091BA2DA1E00E94EA4E2093B32D8F
:108510003093B42D4093B52D5093B62D6093B72D65
:108520007093B82D8093B92D9093BA2D0E94084F67
:1085300031F41092B02D1092B12D1092B22D2091E5
:10854000A82D3091A92D4091AA2D5091AB2D60916D
:10855000AC2D7091AD2D8091AE2D9091AF2DA1E0FD
:108560000E94EA4E2093A82D3093A92D4093AA2D66
:108570005093AB2D6093AC2D7093AD2D8093AE2DA9
:108580009093AF2D0E94084F31F41092A52D1092B8
:10859000A62D1092A72D20919D2D30919E2D4091BA
:1085A0009F2D5091A02D6091A12D7091A22D8091B1
:1085B000A32D9091A42DA1E00E94EA4E20939D2D21
:1085C00030939E2D40939F2D5093A02D6093A12D0D
:1085D0007093A22D8093A32D9093A42D0E94084FF9
:1085E00031F410929A2D10929B2D10929C2D209177
:1085F000922D3091932D4091942D5091952D609115
:10860000962D7091972D8091982D9091992DA1E0A4
:108610000E94EA4E2093922D3093932D4093942DF7
:108620005093952D6093962D7093972D8093982D50
:108630009093992D0E94084F31F410928F2D109233
:10864000902D1092912D2091872D3091882D409161
:10865000892D50918A2D60918B2D70918C2D809158
:108660008D2D90918E2DA1E00E94EA4E2093872DB2
:108670003093882D4093892D50938A2D60938B2DB4
:1086800070938C2D80938D2D90938E2D0E94084F8A
:1086900091F410927E2D10927F2D1092802D1092C9
:1086A000812D1092822D1092832D1092842D109284
:1086B000852D1092862D2091762D3091772D409129
:1086C000782D5091792D60917A2D70917B2D80912C
:1086D0007C2D90917D2DA1E00E94EA4E2093762D75
:1086E0003093772D4093782D5093792D60937A2D88
:1086F00070937B2D80937C2D90937D2D0E94084F4D
:1087000091F410926D2D10926E2D10926F2D10928B
:10871000702D1092712D1092722D1092732D109257
:10872000742D1092752D2091652D3091662D4091FC
:10873000672D5091682D6091692D70916A2D8091FF
:108740006B2D90916C2DA1E00E94EA4E2093652D37
:108750003093662D4093672D5093682D6093692D5B
:1087600070936A2D80936B2D90936C2D0E94084F0F
:1087700091F410925C2D10925D2D10925E2D10924E
:108780005F2D1092602D1092612D1092622D10922B
:10879000632D1092642D2091542D3091552D4091D0
:1087A000562D5091572D6091582D7091592D8091D3
:1087B0005A2D90915B2DA1E00E94EA4E2093542DFA
:1087C0003093552D4093562D5093572D6093582D2F
:1087D0007093592D80935A2D90935B2D0E94084FD2
:1087E00091F410924B2D10924C2D10924D2D109211
:1087F0004E2D10924F2D1092502D1092512D1092FF
:10880000522D1092532D2091432D3091442D4091A3
:10881000452D5091462D6091472D7091482D8091A6
:10882000492D90914A2DA1E00E94EA4E2093432DBC
:108830003093442D4093452D5093462D6093472D02
:108840007093482D8093492D90934A2D0E94084F94
:1088500031F41092402D1092412D1092422D209112
:10886000382D3091392D40913A2D50913B2D60910A
:108870003C2D70913D2D80913E2D90913F2DA1E09A
:108880000E94EA4E2093382D3093392D40933A2D93
:1088900050933B2D60933C2D70933D2D80933E2D46
:1088A00090933F2D0E94084F31F41092352D109275
:1088B000362D1092372D20912D2D30912E2D409157
:1088C0002F2D5091302D6091312D7091322D80914E
:1088D000332D9091342DA1E00E94EA4E20932D2D4E
:1088E00030932E2D40932F2D5093302D6093312DAA
:1088F0007093322D8093332D9093342D0E94084F26
:1089000031F410922A2D10922B2D10922C2D2091A3
:10891000222D3091232D4091242D5091252D6091B1
:10892000262D7091272D8091282D9091292DA1E041
:108930000E94EA4E2093222D3093232D4093242D24
:108940005093252D6093262D7093272D8093282DED
:108950009093292D0E94084F31F410921F2D1092F0
:10896000202D1092212D2091172D3091182D4091FE
:10897000192D50911A2D60911B2D70911C2D8091F5
:108980001D2D90911E2DA1E00E94EA4E2093172DDF
:108990003093182D4093192D50931A2D60931B2D51
:1089A00070931C2D80931D2D90931E2D0E94084FB7
:1089B00031F41092142D1092152D1092162D209135
:1089C0000C2D30910D2D40910E2D50910F2D609159
:1089D000102D7091112D8091122D9091132DA1E0E9
:1089E0000E94EA4E20930C2D30930D2D40930E2DB6
:1089F00050930F2D6093102D7093112D8093122D95
:108A00009093132D0E94084F31F41092092D10926B
:108A10000A2D10920B2D2091012D3091022D4091A5
:108A2000032D5091042D6091052D7091062D80919C
:108A3000072D9091082DA1E00E94EA4E2093012D70
:108A40003093022D4093032D5093042D6093052DF8
:108A50007093062D8093072D9093082D0E94084F48
:108A600031F41092FE2C1092FF2C1092002D2091C8
:108A7000F62C3091F72C4091F82C5091F92C609104
:108A8000FA2C7091FB2C8091FC2C9091FD2CA1E094
:108A90000E94EA4E2093F62C3093F72C4093F82C4A
:108AA0005093F92C6093FA2C7093FB2C8093FC2C40
:108AB0009093FD2C0E94084F31F41092F32C1092E9
:108AC000F42C1092F52C2091EB2C3091EC2C409151
:108AD000ED2C5091EE2C6091EF2C7091F02C809148
:108AE000F12C9091F22CA1E00E94EA4E2093EB2C05
:108AF0003093EC2C4093ED2C5093EE2C6093EF2CA4
:108B00007093F02C8093F12C9093F22C0E94084FDC
:108B100031F41092E82C1092E92C1092EA2C20915A
:108B2000E02C3091E12C4091E22C5091E32C6091AB
:108B3000E42C7091E52C8091E62C9091E72CA1E03B
:108B40000E94EA4E2093E02C3093E12C4093E22CDB
:108B50005093E32C6093E42C7093E52C8093E62CE7
:108B60009093E72C0E94084F31F41092DD2C109264
:108B7000DE2C1092DF2C2091D52C3091D62C4091F8
:108B8000D72C5091D82C6091D92C7091DA2C8091EF
:108B9000DB2C9091DC2CA1E00E94EA4E2093D52C96
:108BA0003093D62C4093D72C5093D82C6093D92C4B
:108BB0007093DA2C8093DB2C9093DC2C0E94084F6E
:108BC00031F41092D22C1092D32C1092D42C2091EC
:108BD000CA2C3091CB2C4091CC2C5091CD2C609153
:108BE000CE2C7091CF2C8091D02C9091D12CA1E0E3
:108BF0000E94EA4E2093CA2C3093CB2C4093CC2C6D
:108C00005093CD2C6093CE2C7093CF2C8093D02C8E
:108C10009093D12C0E94084F31F41092C72C1092DF
:108C2000C82C1092C92C2091BF2C3091C02C40919F
:108C3000C12C5091C22C6091C32C7091C42C809196
:108C4000C52C9091C62CA1E00E94EA4E2093BF2C27
:108C50003093C02C4093C12C5093C22C6093C32CF2
:108C60007093C42C8093C52C9093C62C0E94084FFF
:108C700031F41092BC2C1092BD2C1092BE2C20917D
:108C8000B42C3091B52C4091B62C5091B72C6091FA
:108C9000B82C7091B92C8091BA2C9091BB2CA1E08A
:108CA0000E94EA4E2093B42C3093B52C4093B62CFE
:108CB0005093B72C6093B82C7093B92C8093BA2C36
:108CC0009093BB2C0E94084F31F41092B12C10925B
:108CD000B22C1092B32C2091A92C3091AA2C409147
:108CE000AB2C5091AC2C6091AD2C7091AE2C80913E
:108CF000AF2C9091B02CA1E00E94EA4E2093A92CB9
:108D00003093AA2C4093AB2C5093AC2C6093AD2C99
:108D10007093AE2C8093AF2C9093B02C0E94084F90
:108D200031F41092A62C1092A72C1092A82C20910E
:108D30009E2C30919F2C4091A02C5091A12C6091A1
:108D4000A22C7091A32C8091A42C9091A52CA1E031
:108D50000E94EA4E20939E2C30939F2C4093A02C8F
:108D60005093A12C6093A22C7093A32C8093A42CDD
:108D70009093A52C0E94084F31F410929B2C1092D6
:108D80009C2C10929D2C2091932C3091942C4091EE
:108D9000952C5091962C6091972C7091982C8091E5
:108DA000992C90919A2CA1E00E94EA4E2093932C4A
:108DB0003093942C4093952C5093962C6093972C41
:108DC0007093982C8093992C90939A2C0E94084F22
:108DD00051F410928F2C10928E2C1092902C109295
:108DE000922C1092912C2091862C3091872C4091BE
:108DF000882C5091892C60918A2C70918B2C8091B9
:108E00008C2C90918D2CA1E00E94EA4E2093862C10
:108E10003093872C4093882C5093892C60938A2C14
:108E200070938B2C80938C2C90938D2C0E94084FE8
:108E300031F41092832C1092842C1092852C209166
:108E40007B2C30917C2C40917D2C50917E2C60911C
:108E50007F2C7091802C8091812C9091822CA1E0AC
:108E60000E94EA4E20937B2C30937C2C40937D2CE7
:108E700050937E2C60937F2C7093802C8093812C58
:108E80009093822C0E94084F49F48BE4E0E3FCE2CB
:108E9000DF011D928A95E9F70E94920B0C94F20B68
:108EA000CF93DF93CDB7DEB764970FB6F894DEBFEC
:108EB0000FBECDBF789484B5826084BD84B58160D7
:108EC00084BD85B5826085BD85B5816085BD809195
:108ED0006E00816080936E0010928100809181000D
:108EE0008260809381008091810081608093810005
:108EF000809180008160809380008091B1008460C7
:108F00008093B1008091B00081608093B000809127
:108F100091008260809391008091910081608093A4
:108F20009100809190008160809390008091A100D9
:108F300082608093A1008091A10081608093A10054
:108F40008091A00081608093A000809121018260C7
:108F50008093210180912101816080932101809182
:108F6000200181608093200180917A008460809349
:108F70007A0080917A00826080937A0080917A00F2
:108F8000816080937A0080917A00806880937A0073
:108F90001092C10020912E2C30912F2C3A8B298BCE
:108FA00080912C2C90912D2C9A8389839C8B8B8B78
:108FB0001A8619861C821B82912C812C712C612CA3
:108FC000512C412C312C212CA989BA89E985FA85AB
:108FD000AE17BF0709F48FC0AB89BC8950968D913D
:108FE0009C915197EB81FC81E80FF91FFC83EB8387
:108FF0001296DC9012971396EC9013971496FC90AF
:10900000149715960C91159716961C91169717960E
:10901000BC91EB89FC89C084B1842D2D3E2D4F2D50
:10902000502F612F7B2F8C2D9B2DA0E00E94084F8D
:1090300009F054F4D12C6DE2E62E71E3F72E01E035
:1090400010E0B0E0C12CB12CDD82EF82FB860C87F2
:109050001D87BE87CF86B88A292D382D472D562DDE
:10906000652D742D832D922DA0E00E94084F31F1C3
:10907000AD80BF80CB84DC84ED84FE840F851889AD
:10908000292D382D472D562D652D742D832D922D8C
:109090000E944C4ED22EE32EF42E052F162FB72F02
:1090A000F82FE92F9A2C8B2C7C2C6C845D844E84B9
:1090B0003F842888A0E00E94084FA1F429853A85C2
:1090C0002F5F3F4F3A8729878B899C8942969C8BDB
:1090D0008B8B9D808F807B846C845D844E843F84E9
:1090E000288872CFDD82EF82FB860C871D87BE87C2
:1090F000FF87E88BBDCF292D382D472D562D652DA7
:10910000742D832D922DA0E00E94084F59F4912CCC
:109110004DE2842E51E3752E66246394512C412C2C
:10912000312C212C90920002809201027092020256
:1091300060920302509204024092050230920602AD
:1091400020920702AB81BC818FEF9FEFA115E0E475
:10915000BE0730F4CD01880F991F009709F4A3C012
:109160000E94144F9E838D8390935F0880935E08C6
:109170002B813C81211580E2380708F097C0C90196
:10918000880F991F880F991F009709F492C00E94B9
:10919000144F98878F839093650880936408AB8100
:1091A000BC81B0936708A09366081C821B821A8A50
:1091B000198AE985FA852B813C81E217F30709F4C6
:1091C0008CC0A981BA811296DC9012971396EC900C
:1091D00013971496FC90149715960C911597169664
:1091E0001C9116971796BC91E981FA81C084B184CD
:1091F0002D2D3E2D4F2D502F612F7B2F8C2D9B2DF4
:10920000A0E00E94084F09F044F4292D382D472D85
:10921000562D652D742D832D922DA92CB82CC72C7D
:10922000D62CE52CF42C032D122D0E944E4EB22E7E
:10923000A32E742F652FA981BA8150964D915C9110
:109240008A01000F111FE988FA88EE0CFF1CC988FB
:10925000DA88CC0CDD1CCC0CDD1C90E080E008171B
:10926000190751F1A981BA811E96ED91FC91E80F81
:10927000F91F20813181F701E80FF91FAD81BE810F
:10928000EA0FFB1F31832083FC01EE0FFF1FEC0D63
:10929000FD1D2F813885E20FF31FB082A1827283FA
:1092A00063830296DCCF81E090E05ACF8FEF9FEF8F
:1092B0006ECF81E090E06BCF89899A89840F951FEA
:1092C0009A8B898BAB81BC811196BC83AB83E9817E
:1092D000FA817296FA83E9836CCF81E08093090268
:1092E00080930A0210926808809308029FB7F8944E
:1092F00040917308509174086091750870917608D8
:109300009FBFE0918D09F0918E0992E09083E091EA
:109310008909F0918A091082E0918B09F0918C09FA
:1093200090E1908310929509E0919109F091920952
:1093300096E09083E0918F09F0919009908190617F
:109340009083E0918F09F0919009908198609083CB
:10935000E0918F09F0919009908190689083E0915D
:109360008F09F091900990819F7D90832DE739E0DE
:1093700030936A06209369069FEF909368062EEE5D
:1093800032E0309367062093660621E43AE030939A
:109390006506209364068093430884E3809346081F
:1093A00084E18093490880934C0888E380934F08B8
:1093B00090E2909352088093550887E090E00E94D5
:1093C000144F90934E0880934D08009709F451C0B4
:1093D000DC01E7E01D92EA95E9F788E690E00E945B
:1093E000144F9093450880934408009709F441C0B6
:1093F00028E6DC011D922A95E9F780E590E00E94BD
:10940000144F9093480880934708009791F120E506
:10941000FC0111922A95E9F780EA90E00E94144F2E
:1094200090934B0880934A08009719F120EADC01D9
:109430001D922A95E9F787E090E00E94144F9093DF
:109440005408809353080097A1F0FC0127E0119283
:109450002A95E9F780E490E00E94144F9093510818
:1094600080935008009729F020E4DC011D922A9592
:10947000E9F71A82198209811A81000F111F0D5212
:10948000184FF80180819181892B49F481E090E0A7
:109490000E94144FD8018D939C93FC011082298166
:1094A0003A812F5F3F4F3A8329832833310519F7DB
:1094B00080914408909145089A838983E3E9F7E015
:1094C00090E080E021913191232B41F4DF0112974C
:1094D00029813A81280F391F2D933C9302968034BD
:1094E000910581F710E000E0C801880F991FDC01A9
:1094F000AD5DB84F7D018D919C91892B49F481E040
:1095000090E00E94144FF70191838083DC011C924C
:109510000F5F1F4F0833110539F720915008309124
:109520005108E3EEF6E090E080E041915191452B47
:1095300039F4DF011297A901480F591F4D935C932D
:1095400002968034910589F7EBEBF6E090E080E03D
:1095500029813A81205C3F4F3A83298321913191BF
:10956000232B41F4DF01129729813A81280F391FFB
:109570002D933C9302968832910581F740914708DC
:1095800050914808E3E9F6E090E080E021913191C4
:10959000232B59F4DF0112979C01220F331F220F56
:1095A000331F240F351F2D933C9301968431910571
:1095B00069F740914A0850914B08EBE6F6E090E0DD
:1095C00080E021913191232B61F4DF0112979C01FE
:1095D00013E0220F331F1A95E1F7240F351F2D9347
:1095E0003C9301968431910561F7209100023091FE
:1095F00001024091020250910302609104027091B5
:109600000502E8EEAE2EF3E0BF2EC12CD12CE12CEA
:10961000F12C00E010E080910602909107020E9478
:109620004E4E20936A0830936B0840936C08509319
:109630006D080E94500560936E0870936F088093C8
:10964000700890937108992493940E94500500919A
:109650006E0810916F082091700830917108601B9E
:10966000710B820B930B00916A0810916B0820918B
:109670006C0830916D08601771078207930708F432
:10968000EEC080910A02811102C010926808909287
:109690000A0290920902809168088823A9F08091BB
:1096A0000802882371F00E94F20B0E941E2D109276
:1096B000600810926108109262081092630810927C
:1096C00008020E941E2D5BC0909208021A82198225
:1096D0008091660890916708A981BA81A817B90797
:1096E000D8F5E0916408F0916508CD01880F991FC5
:1096F000880F991FE80FF91F208131814281538122
:10970000211531054105510571F060916008709196
:10971000610880916208909163080E94134E672B44
:10972000682B692B99F4E0915E08F0915F088981BC
:109730009A81880F991FE80FF91F80819181DC01C0
:10974000ED91FC910480F581E02D1995E981FA8174
:109750003196FA83E983BCCF8091600890916108CB
:10976000A0916208B09163080196A11DB11D80937C
:10977000600890936108A0936208B0936308809199
:109780000802813091F52091560830915708409198
:1097900058085091590860915A0870915B0880915F
:1097A0005C0890915D08A0900002B0900102C0900A
:1097B0000202D0900302E0900402F09005020091B2
:1097C0000602109107020E94E14E20935608309342
:1097D0005708409358085093590860935A0870935B
:1097E0005B0880935C0890935D080E94032F809132
:1097F0006908811118C0909269080E945005009173
:109800006A0810916B0820916C0830916D08601BFC
:10981000710B820B930B60936E0870936F088093AB
:1098200070089093710880916E0890916F08A091D4
:109830007008B091710840916A0850916B0860916E
:109840006C0870916D08840F951FA61FB71F809339
:109850006E0890936F08A0937008B09371080E94EF
:10986000500500916E0810916F082091700830919A
:109870007108601B710B820B930B6031774281057D
:10988000910510F00E94032F88950E947E06DDCE80
:109890005058BB27AA270E94604C0C94674D0E9429
:1098A000594D38F00E94604D20F039F49F3F19F473
:1098B00026F40C94564D0EF4E095E7FB0C94504DB5
:1098C000E92F0E94784D58F3BA176207730784078F
:1098D000950720F079F4A6F50C949A4D0EF4E095D6
:1098E0000B2EBA2FA02D0B01B90190010C01CA015A
:1098F000A0011124FF27591B99F0593F50F4503E05
:1099000068F11A16F040A22F232F342F4427585FF6
:10991000F3CF469537952795A795F0405395C9F70E
:109920007EF41F16BA0B620B730B840BBAF09150C6
:10993000A1F0FF0FBB1F661F771F881FC2F70EC065
:10994000BA0F621F731F841F48F487957795679538
:10995000B795F7959E3F08F0B0CF9395880F08F024
:109960009927EE0F9795879508950E942C4D08F43E
:1099700081E008950E94CE4C0C94674D0E94604D8A
:1099800058F00E94594D40F029F45F3F29F00C94A3
:10999000504D51110C949B4D0C94564D0E94784D96
:1099A00068F39923B1F3552391F3951B550BBB270E
:1099B000AA2762177307840738F09F5F5F4F220F53
:1099C000331F441FAA1FA9F335D00E2E3AF0E0E84A
:1099D00032D091505040E695001CCAF72BD0FE2F94
:1099E00029D0660F771F881FBB1F26173707480728
:1099F000AB07B0E809F0BB0B802DBF01FF279358E0
:109A00005F4F3AF09E3F510578F00C94504D0C9406
:109A10009B4D5F3FE4F3983ED4F386957795679529
:109A2000B795F7959F5FC9F7880F911D9695879514
:109A300097F90895E1E0660F771F881FBB1F621733
:109A400073078407BA0720F0621B730B840BBA0BF1
:109A5000EE1F88F7E0950895990F0008550FAA0B9F
:109A6000E0E8FEEF16161706E807F907C0F0121631
:109A70001306E407F50798F0621B730B840B950B34
:109A800039F40A2661F0232B242B252B21F4089589
:109A90000A2609F4A140A6958FEF811D811D089526
:109AA00097F99F6780E870E060E008959FEF80EC91
:109AB000089500240A941616170618060906089534
:109AC00000240A9412161306140605060895092E9A
:109AD0000394000C11F4882352F0BB0F40F4BF2B09
:109AE00011F460FF04C06F5F7F4F8F4F9F4F089549
:109AF00057FD9058440F551F59F05F3F71F047953F
:109B0000880F97FB991F61F09F3F79F08795089523
:109B1000121613061406551FF2CF4695F1DF08C042
:109B2000161617061806991FF1CF8695710561055F
:109B300008940895E894BB2766277727CB0197F907
:109B400008950E942C4D08F48FEF08950E94B94D9E
:109B50000C94674D0E94594D38F00E94604D20F0E2
:109B6000952311F00C94504D0C94564D11240C94E7
:109B70009B4D0E94784D70F3959FC1F3950F50E077
:109B8000551F629FF001729FBB27F00DB11D639FAF
:109B9000AA27F00DB11DAA1F649F6627B00DA11D55
:109BA000661F829F2227B00DA11D621F739FB00DFB
:109BB000A11D621F839FA00D611D221F749F33276B
:109BC000A00D611D231F849F600D211D822F762F04
:109BD0006A2F11249F5750409AF0F1F088234AF0E1
:109BE000EE0FFF1FBB1F661F771F881F915050404D
:109BF000A9F79E3F510580F00C94504D0C949B4D5D
:109C00005F3FE4F3983ED4F3869577956795B795D3
:109C1000F795E7959F5FC1F7FE2B880F911D9695ED
:109C2000879597F90895A1E21A2EAA1BBB1BFD0187
:109C30000DC0AA1FBB1FEE1FFF1FA217B307E4072B
:109C4000F50720F0A21BB30BE40BF50B661F771F83
:109C5000881F991F1A9469F7609570958095909563
:109C60009B01AC01BD01CF010895EE0FFF1F881FBE
:109C70008BBF0790F691E02D1994A29FB001B39F7E
:109C8000C001A39F700D811D1124911DB29F700D05
:109C9000811D1124911D0895689401C0E8948F924C
:109CA0009F92CF93DF930E945A4EDF91CF919F9066
:109CB0008F90089588249924F401E401B0E49F93DF
:109CC000AA279A158B049C04ED05FE05CF05D00745
:109CD000A10798F4AD2FDC2FCF2FFE2FE92D982C64
:109CE000892E982F872F762F652F542F432F322FB1
:109CF0002227B85031F7BF9127C01B2EBF91BB2739
:109D0000220F331F441F551F661F771F881F991F7F
:109D1000881C991CEE1FFF1FCC1FDD1FAA1FBB1F35
:109D20008A149B04EC05FD05CE05DF05A007B107ED
:109D300048F08A189B08EC09FD09CE09DF09A00B41
:109D4000B10B21601A94E1F62EF49401AF01BE012B
:109D5000CD01000C0895002E083090F0982F872F29
:109D6000762F652F542F432F322F22270850F4CF00
:109D7000220F331F441F551F661F771F881F991F0F
:109D80000A95B2F7002D089597FD1094002E083023
:109D900098F00850232F342F452F562F672F782FF8
:109DA000892F912DF4CF1594979587957795679581
:109DB00057954795379527950A95AAF71124002DB1
:109DC00008952A0D3B1D4C1D5D1D6E1D7F1D801FBE
:109DD000911F08950024A7FD00942A0F301D401DF7
:109DE000501D601D701D801D901D08952A193B098E
:109DF0004C095D096E097F09800B910B08952A15A6
:109E00003B054C055D056E057F05800791070895AC
:109E10000024A7FD00942A17300540055005600571
:109E200070058005900508950F931F93CF93DF93DE
:109E30008230910510F482E090E0E091D32DF09112
:109E4000D42D30E020E0B0E0A0E0309799F4211567
:109E5000310509F44AC0281B390B24303105D8F5E7
:109E60008A819B816115710589F1FB01938382834E
:109E7000FE0111C0408151810281138148175907A9
:109E8000E0F04817590799F4109761F012960C9377
:109E9000129713961C933296CF01DF91CF911F91A9
:109EA0000F9108950093D32D1093D42DF4CF211545
:109EB000310551F04217530738F0A901DB019A012F
:109EC000BD01DF01F801C1CFEF01F9CF9093D42D8F
:109ED0008093D32DCDCFFE01E20FF31F8193919399
:109EE0002250310939832883D7CF2091D12D309149
:109EF000D22D232B41F420910D0230910E0230938C
:109F0000D22D2093D12D20910B0230910C022115DE
:109F1000310541F42DB73EB740910F025091100228
:109F2000241B350BE091D12DF091D22DE217F307D0
:109F3000A0F42E1B3F0B2817390778F0AC014E5FB9
:109F40005F4F2417350748F04E0F5F1F5093D22DF7
:109F50004093D12D819391939FCFF0E0E0E09CCF8F
:109F6000CF93DF930097E9F0FC01329713821282BE
:109F7000A091D32DB091D42DED0130E020E01097C9
:109F8000A1F420813181820F931F2091D12D309136
:109F9000D22D2817390709F061C0F093D22DE09334
:109FA000D12DDF91CF910895EA01CE17DF07E8F5B3
:109FB0004A815B819E0141155105B1F7E901FB839F
:109FC000EA8349915991C40FD51FEC17FD0761F43D
:109FD000808191810296840F951FE901998388837E
:109FE000828193819B838A83F0E0E0E012968D91D9
:109FF0009C9113970097B9F52D913C911197CD0144
:10A000000296820F931F2091D12D3091D22D2817C7
:10A01000390739F6309751F51092D42D1092D32D7F
:10A02000B093D22DA093D12DBCCFD383C2834081D6
:10A030005181840F951FC817D90761F44E5F5F4F98
:10A0400088819981480F591F518340838A819B8160
:10A05000938382832115310509F0B0CFF093D42D7D
:10A06000E093D32D9ECFFD01DC01C0CF138212827D
:10A07000D7CFFB01DC0102C001900D92415050404E
:10A08000D8F70895DC0101C06D9341505040E0F7CE
:10A090000895F894FFCF002D310100000000010168
:10A0A000010000D52D800000C0C101C30302C2C65B
:10A0B0000607C705C5C404CC0C0DCD0FCFCE0E0AC4
:10A0C000CACB0BC90908C8D81819D91BDBDA1A1E64
:10A0D000DEDF1FDD1D1CDC14D4D515D71716D6D234
:10A0E0001213D311D1D010F03031F133F3F23236F4
:10A0F000F6F737F53534F43CFCFD3DFF3F3EFEFA04
:10A100003A3BFB39F9F83828E8E929EB2B2AEAEE43
:10A110002E2FEF2DEDEC2CE42425E527E7E6262273
:10A12000E2E323E12120E0A06061A163A3A26266D3
:10A13000A6A767A56564A46CACAD6DAF6F6EAEAA43
:10A140006A6BAB69A9A86878B8B979BB7B7ABABEE3
:10A150007E7FBF7DBDBC7CB47475B577B7B67672B3
:10A16000B2B373B17170B0509091519353529296B3
:10A17000565797559594549C5C5D9D5F9F9E5E5A83
:10A180009A9B5B99595898884849894B8B8A4A4EC3
:10A190008E8F4F8D4D4C8C448485458747468682F3
:10A1A0004243834181804000C1814001C080410120
:10A1B000C0804100C1814001C0804100C181400098
:10A1C000C1814001C0804101C0804100C181400087
:10A1D000C1814001C0804100C1814001C080410176
:10A1E000C0804100C1814001C0804100C181400068
:10A1F000C1814001C0804100C1814001C080410156
:10A20000C0804100C1814000C1814001C080410146
:10A21000C0804100C1814001C0804100C181400037
:10A22000C1814001C0804101C0804100C181400026
:10A23000C1814001C0804100C1814001C080410115
:10A24000C0804100C1814000C1814001C080410106
:10A25000C0804100C1814001C0804100C1814000F7
:10A26000C1814001C0804100C1814001C0804101E5
:10A27000C0804100C1814001C0804100C1814000D7
:10A28000C1814001C0804101C0804100C1814000C6
:10A29000C1814001C0804100C1814001C0804101B5
:10A2A000C0804100C18140912E530B152D842E0199
:10A2B000770B740B6A0B610B01590B560B490B4062
:10A2C0000B01350B0F0B2B0B200B02150B120B0286
:10A2D0000BF70A02E20A3509CF0AC00A04AB0AA842
:10A2E0000A950A860A045C0ADD09300A0D0A08E3A9
:10A2F00009E009B1098E0908790976096A09500946
:10A30000043B09380929090F0904590B560B490B5D
:10A31000400B01150B120B020BF70A02AB0AA80A3D
:10A32000950A860A04E309E009B1098E09085C0A66
:10A33000DD09300A0D0A085C0ADD09300A0D0A0839
:10A340005C0ADD09300A0D0A085C0ADD09300A0DD5
:10A350000A08513B7F2E9A3B0F3B7FC32DBF2DA494
:10A360003A222EFD00000000000000000000000066
:10A3700000000000000000000000000000000000DD
:10A3800000000000000000000000000000000000CD
:10A3900000000000000000000000000000000000BD
:10A3A00000000000000000004B070B3B0000000015
:10A3B000B206FD3A00000000D206FB3A00000000A1
:10A3C000B206F93A00000000B006F73AB1064707B6
:10A3D0004407430743073807000000001807073BFE
:10A3E000F4154707440743074307380700000000F8
:10A3F0004A07093B000000001607033BC224470739
:10A400004407430743073807000000001707053BD0
:10A41000CE134707440743074307380700000000EF
:10A420001407FF3AE81C4707440743074307380768
:10A43000000000001507013B8F234707440743072F
:10A440004307380700000000AF06F53AAF1347078F
:10A450004407430743073807000000004C070D3B43
:10A460008007780575050000000011067B05A8052A
:10A470005E06D905B705CB05434F4E464947300028
:10A480005341464554595F5441534B00434F4E543A
:10A49000524F4C5F5441534B00414E414C4F475F2C
:10A4A0005441534B0042415443485F5441534B0085
:10A4B000414C41524D5F5441534B00484D495F540C
:10A4C00041534B005245533000504C4300643231ED
:10A4D00038323139353561643762326566656435E5
:10A4E0006138373365313639333838393900342EED
:04A4F000322E3700D1
:020000040003F7
:10E000000D9489F10D94B2F10D94B2F10D94B2F129
:10E010000D94B2F10D94B2F10D94B2F10D94B2F1F0
:10E020000D94B2F10D94B2F10D94B2F10D94B2F1E0
:10E030000D94B2F10D94B2F10D94B2F10D94B2F1D0
:10E040000D94B2F10D94B2F10D94B2F10D94B2F1C0
:10E050000D94B2F10D94B2F10D94B2F10D94B2F1B0
:10E060000D94B2F10D94B2F10D94B2F10D94B2F1A0
:10E070000D94B2F10D94B2F10D94B2F10D94B2F190
:10E080000D94B2F10D94B2F10D94B2F10D94B2F180
:10E090000D94B2F10D94B2F10D94B2F10D94B2F170
:10E0A0000D94B2F10D94B2F10D94B2F10D94B2F160
:10E0B0000D94B2F10D94B2F10D94B2F10D94B2F150
:10E0C0000D94B2F10D94B2F10D94B2F10D94B2F140
:10E0D0000D94B2F10D94B2F10D94B2F10D94B2F130
:10E0E0000D94B2F141546D656761323536300041AF
:10E0F000726475696E6F206578706C6F72657220DE
:10E1000073746B3530305632206279204D4C530099
:10E11000426F6F746C6F616465723E004875683F52
:10E1200000436F6D70696C6564206F6E203D200048
:10E130004350552054797065202020203D20005FF9
:10E140005F4156525F415243485F5F3D2000415658
:10E1500052204C696243205665723D20004743437C
:10E160002056657273696F6E203D20004350552024
:10E1700049442020202020203D20004C6F7720663D
:10E18000757365202020203D20004869676820665F
:10E190007573652020203D200045787420667573D6
:10E1A00065202020203D20004C6F636B2066757336
:10E1B000652020203D20004D617220203720323024
:10E1C000313300312E362E3800342E332E350056A2
:10E1D00023202020414444522020206F7020636F70
:10E1E00064652020202020696E73747275637469E1
:10E1F0006F6E2061646472202020496E74657272B3
:10E20000757074006E6F20766563746F7200726A49
:10E210006D702020006A6D70200057686174207056
:10E220006F72743A00506F7274206E6F7420737541
:10E2300070706F72746564004D7573742062652030
:10E2400061206C6574746572002000577269747483
:10E25000696E672045450052656164696E672045B7
:10E26000450045452065727220636E743D00504F35
:10E27000525400303D5A65726F2061646472003FF1
:10E280003D43505520737461747300403D454550C3
:10E29000524F4D207465737400423D426C696E6B41
:10E2A000204C454400453D44756D70204545505215
:10E2B0004F4D00463D44756D7020464C415348001B
:10E2C000483D48656C70004C3D4C69737420492F83
:10E2D0004F20506F72747300513D51756974005234
:10E2E0003D44756D702052414D00563D73686F7707
:10E2F00020696E7465727275707420566563746FF0
:10E30000727300593D506F727420626C696E6B00BD
:10E310002A0011241FBECFEFD1E2DEBFCDBF01E046
:10E320000CBF12E0A0E0B2E0EEE1FDEF03E00BBFB6
:10E3300002C007900D92A030B107D9F712E0A0E01B
:10E34000B2E001C01D92AE30B107E1F70F9460F367
:10E350000D948DFE01E20EBF0FEF0DBF11241FBE05
:10E360000D9460F30D9400F020E030E040ED57E0B4
:10E3700005C0FA013197F1F72F5F3F4F2817390792
:10E38000C0F308959C01260F311DC901A0E0B0E043
:10E390002F5F3F4FABBFFC018791882361F08093D3
:10E3A000C6008091C00086FFFCCF8091C0008064D1
:10E3B0008093C000EACF08958DE08093C6008091DD
:10E3C000C00086FFFCCF8091C00080648093C000B5
:10E3D0008AE08093C6008091C00086FFFCCF8091C8
:10E3E000C00080648093C00008950F94C2F10F9420
:10E3F000DCF10895FC019081992359F09093C600B7
:10E400008091C00086FFFCCF8091C0008064809323
:10E41000C0003196992379F70895282F982F929567
:10E420009F70892F805D8A3308F0895F8093C600D2
:10E430008091C00086FFFCCF8091C00080648093F3
:10E44000C000822F8F70982F905D9A3308F0995FEB
:10E450009093C6008091C00086FFFCCF8091C000E1
:10E4600080648093C00008959C01FB01853691056E
:10E470001CF46330710594F0C90164E670E00F94F8
:10E480002EFE605D7F4F6093C6008091C00086FFC6
:10E49000FCCF8091C00080648093C0002B30310598
:10E4A00014F43297B4F0C90164E670E00F942EFEC4
:10E4B0006AE070E00F942EFE605D7F4F6093C600AF
:10E4C0008091C00086FFFCCF8091C0008064809363
:10E4D000C000C9016AE070E00F942EFEC0968093E0
:10E4E000C6008091C00086FFFCCF8091C000806490
:10E4F0008093C00008951F93182F8EE692EE60E07F
:10E500000F94C2F11093C6008091C00086FFFCCF2B
:10E510008091C00080648093C0000F94DCF11F9153
:10E5200008952F923F924F925F926F927F928F92B7
:10E530009F92AF92BF92CF92DF92EF92FF920F9392
:10E540001F93DF93CF93CDB7DEB762970FB6F894E2
:10E55000DEBF0FBECDBF382E622ECA01DB015C01CB
:10E560006D01772420E2222E2E010894411C511CBB
:10E570008BC081E0A81680E0B80681E0C80680E084
:10E58000D80628F0C601AA27BB270F940DF2BB2797
:10E59000AD2D9C2D8B2D0F940DF28A2D0F940DF225
:10E5A0002092C6008091C00086FFFCCF8091C00001
:10E5B00080648093C0009DE29093C6008091C0006B
:10E5C00086FFFCCF8091C00080648093C0002092C1
:10E5D000C6008091C00086FFFCCF8091C00080649F
:10E5E0008093C00019828601750188249924A1E0D6
:10E5F0003A1651F03A1620F0B2E03B1661F409C029
:10E600000BBFF701779007C0C7010F9477FE782EF4
:10E6100002C0F7017080872D0F940DF22092C60082
:10E620008091C00086FFFCCF8091C0008064809301
:10E63000C000872D8052F401EF70F0708F3520F408
:10E64000E40DF51D708204C0E40DF51D8EE280839B
:10E650000894E11CF11C011D111D0894811C911CE2
:10E6600090E18916910409F0C2CF80E190E0A0E02A
:10E67000B0E0A80EB91ECA1EDB1E198AC2010F9493
:10E68000FAF10F94DCF16A94662009F072CF629679
:10E690000FB6F894DEBF0FBECDBFCF91DF911F91B3
:10E6A0000F91FF90EF90DF90CF90BF90AF909F9031
:10E6B0008F907F906F905F904F903F902F90089534
:10E6C0002F923F924F925F926F927F928F929F9282
:10E6D000AF92BF92CF92DF92EF92FF920F931F9370
:10E6E000DF93CF93CDB7DEB7CD53D1400FB6F894BB
:10E6F000DEBF0FBECDBF01E20EBF0FEF0DBF94B75F
:10E70000F894A89514BE80916000886180936000A1
:10E7100010926000789493FF05C0E0910002F091A0
:10E7200001021995279A2F9A8091C00082608093E8
:10E73000C00080E18093C40088E18093C1000000A4
:10E74000EE24FF24870144E0A42EB12CCC24DD2448
:10E7500024C0C5010197F1F70894E11CF11C011DCB
:10E76000111D21E2E2162EE4F20620E0020720E06D
:10E77000120718F031E0C32ED12CC801B70127ECE5
:10E780003BE140E050E00F9441FE611571058105C9
:10E79000910519F485B1805885B98091C00087FD35
:10E7A00003C0C114D104A9F2A6014F5F5F4FC25E3E
:10E7B000DE4F59834883CE51D140C25EDE4F8881FF
:10E7C0009981CE51D140019711F00D9410FEC05D9A
:10E7D000DE4F19821882C053D14060E0C15DDE4F28
:10E7E0001882CF52D14088249924C35DDE4F19820C
:10E7F0001882CD52D140C05EDE4F188219821A8233
:10E800001B82C052D140CE5CDE4F188219821A8220
:10E810001B82C253D140EE24FF2487010BBFF701B6
:10E8200007911691C45CDE4F19830883CC53D14005
:10E830000D940BFEC25EDE4F28813981CE51D1404E
:10E840002130310509F52091C600C25EDE4F1982E4
:10E850001882CE51D14022C02F5F3F4F4F4F5F4FA4
:10E86000213082E138078AE7480780E0580780F0C6
:10E87000C45CDE4FE881F981CC53D140EF5FFF4F9C
:10E8800019F0EE27FF27099420E030E040E050E047
:10E890008091C00087FFE0CF2091C600C35DDE4FAE
:10E8A00048815981CD52D1404F5F5F4FC35DDE4FEC
:10E8B00059834883CD52D140213209F063C64A3092
:10E8C000510508F05FC60894811C911C53E0851621
:10E8D000910409F059C600E010E018C081E280936D
:10E8E000C6008091C00086FFFCCF8091C00080648C
:10E8F0008093C0002F5F3F4F2931310579F70F9486
:10E90000DCF10F5F1F4F0530110519F020E030E0FA
:10E91000E5CF10920A0210920B0210920C02109294
:10E920000D02109206021092070210920802109235
:10E930000902109202021092030210920402109235
:10E9400005028FEE90EE60E00F94F5F180E191EE1C
:10E9500060E00F94C2F18091C00087FFFCCF9091DE
:10E96000C600903608F09F759032B8F09093C600BC
:10E970008091C00086FFFCCF8091C00080648093AE
:10E98000C000A0E2A093C6008091C00086FFFCCF2B
:10E990008091C00080648093C000983409F4D7C18E
:10E9A0009934B8F4923409F459C1933458F490333B
:10E9B00019F1903308F4E3C59F33A1F1903409F0C5
:10E9C000DEC5BDC0953409F470C1963409F0D7C5D1
:10E9D00098C1923509F42BC2933538F49C3409F46C
:10E9E000F5C1913509F0CBC518C2963509F445C279
:10E9F000993509F0C4C567C483E792EE62E00F94CD
:10EA0000F5F110920602109207021092080210927D
:10EA1000090210920A0210920B0210920C0210923C
:10EA20000D0213C18FE792EE62E00F94F5F18FEEC5
:10EA300090EE60E00F94F5F181E291EE60E00F94CA
:10EA4000C2F187EB91EE60E00F94F5F180E391EE77
:10EA500060E00F94C2F184EE90EE60E00F94F5F167
:10EA60008FE391EE60E00F94C2F186E090E061E008
:10EA700070E00F9434F20F94DCF18DE591EE60E0DC
:10EA80000F94C2F189EC91EE60E00F94F5F18EE401
:10EA900091EE60E00F94C2F183EC91EE60E00F9490
:10EAA000F5F18CE691EE60E00F94C2F18EE10F94E7
:10EAB0000DF288E90F940DF281E00F940DF20F949E
:10EAC000DCF18BE791EE60E00F94C2F119E0E0E039
:10EAD000F0E010935700E4918E2F0F940DF20F94F5
:10EAE000DCF18AE891EE60E00F94C2F1E3E0F0E03F
:10EAF00010935700E4918E2F0F940DF20F94DCF1D8
:10EB000089E991EE60E00F94C2F1E2E0F0E0109349
:10EB10005700E4918E2F0F940DF20F94DCF188EAE8
:10EB200091EE60E00F94C2F1E1E0F0E01093570045
:10EB30001491812F0F940DF20F94DCF107CF8BE825
:10EB400092EE62E00F94F5F18BE492EE60E00F94A8
:10EB5000F5F10F94DCF100E010E019C0C8016F2D51
:10EB60000F947FFEFF2031F489E492EE60E00F9471
:10EB7000C2F10BC0F092C6008091C00086FFFCCFAE
:10EB80008091C00080648093C0000F5F1F4FC80158
:10EB900081519F41A0E0B0E0ABBFFC01F790BAE229
:10EBA000FB1621F0E2E000301E07C1F60F94DCF105
:10EBB0000F94DCF187E592EE60E00F94F5F10F948D
:10EBC000DCF1CC24DD2400E010E01EC0C8010F946D
:10EBD00077FEF82E882331F489E492EE60E00F94FA
:10EBE000C2F10BC08093C6008091C00086FFFCCFAD
:10EBF0008091C00080648093C000FE1419F00894D6
:10EC0000C11CD11C0F5F1F4FC80181519F41A0E063
:10EC1000B0E0ABBFFC01E790FAE2EF1621F022E092
:10EC20000030120799F60F94DCF10F94DCF182E6C4
:10EC300092EE60E00F94C2F1C60161E070E00F94C3
:10EC400034F20F94DCF10F94DCF110920202109276
:10EC50000302109204021092050278CE89E992EE26
:10EC600062E00F94F5F1279A2F9A16C02F9880E052
:10EC700090E0E0EDF7E03197F1F7019684369105E9
:10EC8000C1F72F9A80E090E0E0EDF7E03197F1F7DF
:10EC9000019684369105C1F78091C00087FFE6CFC9
:10ECA0008091C00087FFFCCF64C485EA92EE62E0E9
:10ECB0000F94F5F140910202509103026091040219
:10ECC0007091050281E020E10F9491F2809102029F
:10ECD00090910302A0910402B091050280509F4FD1
:10ECE000AF4FBF4F8093020290930302A0930402A0
:10ECF000B093050280509041A040B04008F426CE69
:10ED0000A4CF83EB92EE62E00F94F5F140910602FE
:10ED100050910702609108027091090280E020E1A1
:10ED20000F9491F28091060290910702A09108023F
:10ED3000B091090280509F4FAF4FBF4F80930602A2
:10ED400090930702A0930802B0930902FFCD80ECD4
:10ED500092EE62E00F94F5F183E792EE60E00F949B
:10ED6000F5F18FE792EE60E00F94F5F18BE892EE0B
:10ED700060E00F94F5F189E992EE60E00F94F5F10F
:10ED800085EA92EE60E00F94F5F183EB92EE60E09D
:10ED90000F94F5F180EC92EE60E00F94F5F187ECC2
:10EDA00092EE60E00F94F5F188ED92EE60E00F9442
:10EDB000F5F18FED92EE60E00F94F5F18AEE92EEB0
:10EDC00060E00F94F5F183E093EEBDCD87EC92EE19
:10EDD00062E00F94F5F181E40F947BF282E40F94EA
:10EDE0007BF283E40F947BF284E40F947BF285E45E
:10EDF0000F947BF286E40F947BF287E40F947BF20E
:10EE000088E40F947BF28AE40F947BF28BE40F94F6
:10EE10007BF28CE40F947BF299CD88ED92EE62E068
:10EE20000F94F5F1772473948824992409C48FED05
:10EE300092EE62E00F94F5F140910A0250910B02BC
:10EE400060910C0270910D0282E020E10F9491F22A
:10EE500080910A0290910B02A0910C02B0910D02D8
:10EE600080509F4FAF4FBF4F80930A0290930B0289
:10EE7000A0930C02B0930D0269CD8AEE92EE62E08F
:10EE80000F94F5F184EE90EE60E00F94F5F18FECC5
:10EE900091EE60E00F94F5F1662477244301CC5D98
:10EEA000DE4F19821882C452D140D401C301B695F5
:10EEB000A79597958795CA5DDE4F88839983AA8326
:10EEC000BB83C652D140CC5DDE4FA881B981C4520C
:10EED000D1401196CC5DDE4FB983A883C452D14096
:10EEE000CD0162E070E00F9434F2B0E2B093C6005E
:10EEF0008091C00086FFFCCF8091C0008064809329
:10EF0000C000EDE2E093C6008091C00086FFFCCF18
:10EF10008091C00080648093C000F0E2F093C6004E
:10EF20008091C00086FFFCCF8091C00080648093F8
:10EF3000C000CA5DDE4FE880F9800A811B81C6529D
:10EF4000D140BB27A12F902F8F2D0F940DF2CA5DBA
:10EF5000DE4F8881C652D1400F940DF2B0E2FB2EF5
:10EF6000F092C6008091C00086FFFCCF8091C00067
:10EF700080648093C0000DE30093C6008091C000C0
:10EF800086FFFCCF8091C00080648093C00010E2B7
:10EF90001093C6008091C00086FFFCCF8091C00016
:10EFA00080648093C0008BBEF3012791C65DDE4F65
:10EFB0002883CA52D140A22EBB24CC24DD2408943D
:10EFC000611C711C811C911C8BBEF3018791282E42
:10EFD0003324442455240894611C711C811C911C09
:10EFE0008BBEF3013791C55DDE4F3883CB52D140E4
:10EFF0000894611C711C811C911C8BBEF30147910C
:10F00000C45DDE4F4883CC52D140ADEFEA2EAFEF66
:10F01000FA2EAFEF0A2FAFEF1A2F6E0C7F1C801E57
:10F02000911E142D032DF22CEE24EA0CFB1C0C1D5A
:10F030001D1D0F940DF220E22093C6008091C000A8
:10F0400086FFFCCF8091C00080648093C000C65DC5
:10F05000DE4F8881CA52D1400F940DF230E23093D6
:10F06000C6008091C00086FFFCCF8091C000806404
:10F070008093C000C45DDE4F8881CC52D1400F9494
:10F080000DF240E24093C6008091C00086FFFCCFA5
:10F090008091C00080648093C000C55DDE4F888190
:10F0A000CB52D1400F940DF250E25093C6008091A4
:10F0B000C00086FFFCCF8091C00080648093C000B8
:10F0C0008FEFE8168FEFF80680E0080780E018075A
:10F0D00031F484E092EE60E00F94C2F1DFC0D80119
:10F0E000C7018070907CA070B0708050904CA040A0
:10F0F000B040D1F52FEF3FE340E050E0E222F322B1
:10F1000004231523CA5DDE4FA880B980CA80DB8046
:10F11000C652D140AE0CBF1CC01ED11EAA0CBB1CD7
:10F12000CC1CDD1C8EE092EE60E00F94C2F1BB2798
:10F13000A12F902F8F2D0F940DF28E2D0F940DF285
:10F1400030E23093C6008091C00086FFFCCF8091F2
:10F15000C00080648093C0004EE34093C60080915D
:10F16000C00086FFFCCF87C08EE09EEFA0E0B0E03D
:10F17000E822F9220A231B239CE0E91694E9F90608
:10F1800090E0090790E0190709F088C0C45DDE4FE0
:10F19000A881CC52D140EA2EFF2400E010E0102FCD
:10F1A0000F2DFE2CEE24C55DDE4FB881CB52D14031
:10F1B000EB0EF11C011D111DD601C501817090706F
:10F1C000A070B070DC0199278827E80EF91E0A1F8D
:10F1D0001B1F20EF30E040E050E0A222B322C42207
:10F1E000D52241E1AA0CBB1CCC1CDD1C4A95D1F7F1
:10F1F000EA0CFB1C0C1D1D1D81E090E0A0E0B0E0BE
:10F20000282239224A225B2235E1220C331C441C7D
:10F21000551C3A95D1F7E20CF31C041D151D57013E
:10F220006801AA0CBB1CCC1CDD1C85E192EE60E0E1
:10F230000F94C2F1C801AA27BB270F940DF2BB2778
:10F24000A12F902F8F2D0F940DF28E2D0F940DF274
:10F2500090E29093C6008091C00086FFFCCF809121
:10F26000C00080648093C000AEE3A093C60080918C
:10F27000C00086FFFCCF8091C00080648093C000F6
:10F28000C601AA27BB270F940DF2BB27AD2D9C2DDD
:10F290008B2D0F940DF28A2D0F940DF20F94DCF14B
:10F2A000CC5DDE4FE881F981C452D140F99709F471
:10F2B0004DCBF4E0EF2EF12C012D112D6E0C7F1CA7
:10F2C000801E911EF2CD83E093EE62E00F94F5F183
:10F2D0008AE192EE60E00F94C2F18091C00087FF56
:10F2E000FCCF1091C6001F751093C6008091C0001E
:10F2F00086FFFCCF8091C00080648093C0000F9493
:10F30000DCF1812F81548A3108F036C1163409F4BA
:10F3100095C0173490F4133409F44EC0143430F40B
:10F320001134F1F0123409F01DC130C0143409F465
:10F3300059C0153409F016C16BC01A3409F4C4C0A1
:10F340001B3438F4173409F48FC0183409F00AC19B
:10F35000A1C01B3409F4D2C01C3409F003C1E8C0B9
:10F360008FEF81B90DC082B1809582B980E090E0C5
:10F37000E0EDF7E03197F1F70196883C9105C1F790
:10F380008091C00087FFEFCF12B8EFC08FEF84B934
:10F390000DC085B1809585B980E090E0E0EDF7E0A3
:10F3A0003197F1F70196883C9105C1F78091C00033
:10F3B00087FFEFCF15B8D9C08FEF87B90DC088B1DF
:10F3C000809588B980E090E0E0EDF7E03197F1F7C3
:10F3D0000196883C9105C1F78091C00087FFEFCF6F
:10F3E00018B8C3C08FEF8AB90DC08BB180958BB9A7
:10F3F00080E090E0E0EDF7E03197F1F70196883C8E
:10F400009105C1F78091C00087FFEFCF1BB8ADC059
:10F410008FEF8DB90DC08EB180958EB980E090E0F0
:10F42000E0EDF7E03197F1F70196883C9105C1F7DF
:10F430008091C00087FFEFCF1EB897C08FEF80BBD1
:10F440000DC081B3809581BB80E090E0E0EDF7E0F6
:10F450003197F1F70196883C9105C1F78091C00082
:10F4600087FFEFCF11BA81C08FEF83BB0DC084B38C
:10F47000809584BB80E090E0E0EDF7E03197F1F714
:10F480000196883C9105C1F78091C00087FFEFCFBE
:10F4900014BA6BC08FEF809301010FC080910201FD
:10F4A00080958093020180E090E0E0EDF7E03197F5
:10F4B000F1F70196883C9105C1F78091C00087FF64
:10F4C000EDCF1092020151C08FEF809304010FC065
:10F4D0008091050180958093050180E090E0E0ED4A
:10F4E000F7E03197F1F70196883C9105C1F78091DB
:10F4F000C00087FFEDCF1092050137C08FEF8093DA
:10F5000007010FC08091080180958093080180E079
:10F5100090E0E0EDF7E03197F1F70196883C910536
:10F52000C1F78091C00087FFEDCF109208011DC088
:10F530008FEF80930A010FC080910B01809580931B
:10F540000B0180E090E0E0EDF7E03197F1F70196F4
:10F55000883C9105C1F78091C00087FFEDCF1092E4
:10F560000B0103C085E292EEEEC98091C00087FFD7
:10F57000FCCF8091C600EAC988E392EEE4C98CE131
:10F5800091EEE1C988249924933011F1943028F444
:10F59000913089F09230B8F408C0953061F195301F
:10F5A000F0F0963009F048C043C02B3109F042C951
:10F5B00091E06BE13FC96227C15DDE4F2883CF52E6
:10F5C000D14092E037C9B22FA0E0622793E032C960
:10F5D000822F90E0A82BB92B622794E02BC92E3004
:10F5E00009F039C3622795E0C05DDE4F19821882A9
:10F5F000C053D1401FC9E1E0F0E0EC0FFD1FC05D3A
:10F60000DE4F08811981C053D140E00FF11F2083E4
:10F610000F5F1F4FC05DDE4F19830883C053D14079
:10F6200062270A171B0709F005C9D80196E002C92D
:10F63000261709F010C303C0973009F0FBC87724E0
:10F640009981933109F412C19431C8F4963009F4C8
:10F65000D8C0973050F4923009F406C1933009F4C1
:10F660006DC0913009F059C253C0913109F477C08F
:10F67000923108F0BBC0903109F04FC2F5C098310B
:10F6800009F487C0993150F4953109F4EFC09531F0
:10F6900008F4C6C1963109F040C2C2C19A3109F4DA
:10F6A0006CC09A3108F491C09B3109F45BC09D3164
:10F6B00009F033C29D81903359F48F81882311F46E
:10F6C0009EE11CC0813011F091E018C098E916C08D
:10F6D000892F807591F0903539F4E0E0F0E089E011
:10F6E0008093570094910AC0983539F4E3E0F0E034
:10F6F00089E080935700949101C090E01A821B82A8
:10F700008D818C831D829E831F8227E030E009C299
:10F710001A8288E08B8381E48C8386E58D8382E581
:10F720008E8389E48F8383E5888780E589878FE5E9
:10F730008A8782E38B872BE030E0F3C18A818139AD
:10F7400041F0823941F0803911F48FE005C080E04A
:10F7500003C082E001C08AE01A828B8344C0772410
:10F76000739482C08D81882311F48EE12CC0813086
:10F7700011F081E028C088E926C01A82E1E0F0E0BB
:10F7800089E08093570084918B831C8224E030E0D1
:10F79000C8C18B81803589F48C81883039F4E2E0EE
:10F7A000F0E089E08093570084910DC0E0E0F0E044
:10F7B00089E080935700849106C0E3E0F0E089E09F
:10F7C0008093570084911A82DFCF8D81836C99E0FA
:10F7D000E1E0F0E0082E90935700E89507B600FCB2
:10F7E000FDCF1A821B8223E030E09BC180EC8A832C
:10F7F000CE5CDE4F188219821A821B82C253D1401E
:10F800008EC18A8190E0A0E0B0E0582F44273327D2
:10F8100022278B8190E0A0E0B0E0DC0199278827C7
:10F82000282B392B4A2B5B2B8D8190E0A0E0B0E098
:10F83000282B392B4A2B5B2B8C8190E0A0E0B0E089
:10F84000BA2FA92F982F8827282B392B4A2B5B2BCF
:10F85000220F331F441F551FC05EDE4F288339839C
:10F860004A835B83C052D1401A8259C13A81C95C34
:10F87000DE4F3883C753D140CA5CDE4F1882C6536F
:10F88000D1408B81C82EDD24CA5CDE4F488159816E
:10F89000C653D140C42AD52A933109F082C0CE5C28
:10F8A000DE4F88819981AA81BB81C253D1408050AB
:10F8B000904CA340B04030F583E0CE5CDE4FE88052
:10F8C000F9800A811B81C253D140F70100935B008C
:10F8D00080935700E89507B600FCFDCFCE5CDE4F65
:10F8E000088119812A813B81C253D14000501F4FAA
:10F8F0002F4F3F4FCE5CDE4F088319832A833B8313
:10F90000C253D140C05EDE4F488159816A817B81FC
:10F91000C052D140DE011B9631E08C9111962C91A2
:10F9200011971296C75CDE4F2883C953D140C85C3B
:10F93000DE4F1882C853D14090E0C85CDE4FE881AA
:10F94000F981C853D1408E2B9F2B0C01FA01609393
:10F950005B0030935700E89511244E5F5F4F6F4F67
:10F960007F4F0EEFE02E0FEFF02ECE0CDF1CC114F8
:10F97000D10499F685E0C05EDE4F088119812A81A5
:10F980003B81C052D140F80120935B008093570027
:10F99000E89507B600FCFDCF81E180935700E8951C
:10F9A00035C0C05EDE4F88819981AA81BB81C0527B
:10F9B000D140B695A795979587957C018601ABE0D8
:10F9C000AA2EB12CAC0EBD1E0BC0D5016D915D01F0
:10F9D000C7010F947FFE0894E11CF11C01501040F8
:10F9E0000115110591F7A60160E070E0440F551F65
:10F9F000661F771FC05EDE4FE880F9800A811B8199
:10FA0000C052D1404E0D5F1D601F711F1A82C05E33
:10FA1000DE4F488359836A837B83C052D1407FC0C5
:10FA2000FA80C55CDE4FF882CB53D140C65CDE4F16
:10FA30001882CA53D1408B81C82EDD24C65CDE4FAC
:10FA400008811981CA53D140C02AD12A1A828981DA
:10FA5000BE016D5F7F4F843121F59601C05EDE4FA0
:10FA6000E880F9800A811B81C052D1400BBFF701A9
:10FA700087919691DB018C9311969C936E5F7F4FDB
:10FA8000D801C7010296A11DB11DC05EDE4F88835B
:10FA90009983AA83BB83C052D14022503040F1F6F3
:10FAA00036C0C05EDE4F288139814A815B81C052F9
:10FAB000D1400894C108D108760100E010E0089414
:10FAC000C11CD11C0894E11CF11C011D111DE20E8A
:10FAD000F31E041F151F21BDBB27A52F942F832FB5
:10FAE00082BD2F5F3F4F4F4F5F4FF89A80B5DB01CC
:10FAF0008D93BD012E153F054007510761F7C05E8C
:10FB0000DE4F288339834A835B83C052D1409601FC
:10FB10002D5F3F4FFB01108204C080EC8A8322E0FE
:10FB200030E08BE18093C6008091C00086FFFCCF5F
:10FB30008091C00080648093C000C15DDE4FF88179
:10FB4000CF52D140F093C6008091C00086FFFCCF19
:10FB50008091C00080648093C000432F3093C60022
:10FB60008091C00086FFFCCF8091C00080648093AC
:10FB7000C000922F2093C6008091C00086FFFCCF6A
:10FB80008091C00080648093C0008EE08093C600A6
:10FB90008091C00086FFFCCF8091C000806480937C
:10FBA000C00065E1C15DDE4FE880CF52D1406E25D7
:10FBB00069276427FE01319610C090819093C6009A
:10FBC0008091C00086FFFCCF31968091C000806498
:10FBD0008093C0006927215030402115310569F715
:10FBE0006093C6008091C00086FFFCCF8091C0006A
:10FBF00080648093C00085B1805885B9772081F4F6
:10FC0000C15DDE4F0881CF52D1400F5FC15DDE4F35
:10FC10000883CF52D14090E0A0E0B0E00D941AF4F8
:10FC200027982F9880E090E020ED37E0F901319798
:10FC3000F1F7019684369105C9F700008091C00064
:10FC40008D7F8093C00081E180935700E895EE2777
:10FC5000FF270994FFCF90E00D941AF497FB092E2B
:10FC600007260AD077FD04D02ED006D000201AF443
:10FC7000709561957F4F0895F6F7909581959F4F08
:10FC80000895A1E21A2EAA1BBB1BFD010DC0AA1FDD
:10FC9000BB1FEE1FFF1FA217B307E407F50720F0F5
:10FCA000A21BB30BE40BF50B661F771F881F991F70
:10FCB0001A9469F760957095809590959B01AC01B9
:10FCC000BD01CF010895AA1BBB1B51E107C0AA1FAC
:10FCD000BB1FA617B70710F0A61BB70B881F991FED
:10FCE0005A95A9F780959095BC01CD010895F99991
:10FCF000FECF92BD81BDF89A992780B50895262F31
:10FD0000F999FECF1FBA92BD81BD20BD0FB6F89400
:0EFD1000FA9AF99A0FBE01960895F894FFCF63
:00000001FF
