:100000000C9473040C94A4040C94A4040C94A40401
:100010000C94A4040C94A4040C94A4040C94A404C0
:100020000C94A4040C94A4040C94A4040C94A404B0
:100030000C94A4040C94A4040C94A4040C94A404A0
:100040000C94A4040C94A4040C94A4040C94A40490
:100050000C94A4040C94A4040C94A4040C94DC3B11
:100060000C94A4040C94503C0C94263C0C94A404D2
:100070000C94A4040C94A4040C94A4040C94A40460
:100080000C94A4040C94A4040C94A4040C94A40450
:100090000C94A4040C94A4040C94A4040C94A40440
:1000A0000C94A4040C94A4040C94A4040C94A40430
:1000B0000C94A4040C94A4040C94A4040C94A40420
:1000C0000C94A4040C94A4040C94A4040C94A40410
:1000D0000C94A4040C94A4040C94A4040C94A40400
:1000E0000C94A4040C94AF130C94DD090C940F0B26
:1000F0000C94F4040C94E51C0C9416070C943C0529
:100100000C942A050C944B070C94590B0C94F9048D
:100110000C9414070C94BA410C94FE3A0C941305F9
:100120000C942B0B0C94003B0C9479090C940C3B15
:100130000C94120B0C940B050C94F4150C94973B37
:100140000C94350B0C9424050C945E060C94FA3A2E
:100150000C94860A0C94740B0C946A0B0C94430751
:100160000C944E3B0C94C00A0C94E0090C94F83AA1
:100170000C940F050C94F43A0C9438050C94BC2D97
:100180000C944C070C944A050C940F090C94610BC9
:100190000C945C0A0C94300A0C94043B0C945009A7
:1001A0000C94770B0C941A050C94AF060C94023B3C
:1001B0000C94F70A0C94BF240C94A13A0C94530BA2
:1001C0000C9417070C942E050C9446050C94490BBF
:1001D0000C94150B0C940A3B0C94B1090C94200B55
:1001E0000C94B0060C9475050C9438070C944407D5
:1001F0000C94950A0C94B1060C94400B0C947C2E34
:100200000C94D9050C94F63A0C94063B0C943809DE
:100210000C94020B0C9478050C9429090C94CE13C1
:100220000C943B090C9447070C9415070C94CB05D0
:100230000C94A80A0C94C02D0C94083B0C94122D1D
:100240000C94A8050C947B050C9418070C94F23AB6
:100250000C944A070C9432050C94E20A0C941F2E5D
:100260000C948E2E0C94AB0A0C948C230C942005C9
:100270000C9435090C94560B0C94CF0A0C94E3099A
:100280000C9476090C946A090C94B2060C940D0A2D
:100290000C948E090C94D2060C9440050C94B7056E
:1002A0000C94FC3A0C9417050C94812E0C94800746
:1002B0000C941106870E00008A0E00008D0E0000BF
:1002C000900E0300950E1300981000009B10000084
:1002D0009E100000A1100300A6101300A912000038
:1002E000AC120000AF120000B2120300B7121300EC
:1002F000BA140000BD140000C0140000C3140300B1
:10030000C8141300CB160000CE160000D116000052
:10031000D4160300D9161300DC180000DF18000003
:10032000E2180000E5180300EA181300ED1A0000B7
:10033000F01A0000F31A0000F61A0300FB1A13006B
:10034000FE1C0000011D0000041D0000071D03002D
:100350000C1D13000F1F0000121F0000151F0000CE
:10036000181F03001D1F130020210000232100007F
:1003700026210000292103002E2113003123000033
:1003800034230000372300003A2303003F231300E7
:100390004225000045250000482500004B250300AC
:1003A000502513005327000056270000592700004E
:1003B0005C270300612713006429000067290000FF
:1003C0006A2900006D29030072291300752B0000B3
:1003D000782B00007B2B00007E2B0000812B00007F
:1003E000E90C0000EC0C0000EF0C0000F20C000027
:1003F000F50C0000F80C0000FB0C0000FE0C0900DE
:10040000070D00000A0D00000F0D0000120D0F0077
:10041000230D0000260D0F00620D0000650D000089
:10042000680D00006B0D0000700D0000730D0F00D3
:10043000840D0000870D0F00C30D0000C80D0000E3
:10044000CB0D0000D40D0000D70D0300DC0D000023
:10045000DF0D0300E40D0000E70D0300EC0D0000CC
:10046000EF0D0000F20D0000F50D0000F80D00008A
:10047000FB0D0300000E0000030E0000060E00003E
:10048000090E00000C0E00000F0E0300140E0000F9
:10049000170E00001A0E00001D0E0300220E0000B1
:1004A000250E0000280E00002B0E00002E0E00006E
:1004B000310E0300360E0000390E00003C0E000025
:1004C0003F0E0300440E0000470E00004A0E0000DD
:1004D0004D0E0300520E0000550E03005A0E000090
:1004E0005D0E0300620E0000650E0300880C09001B
:1004F000910C09009A0C0900A30C0900AC0C000037
:10050000AF0C0900B80C0000BB0C0900C40C0000C3
:10051000C70C0900D00C0000D30C0900A40A00008D
:10052000A70A0000AA0A0000AD0A0000B00A0000F5
:10053000B30A0000B60A0000BE0A0000C10A0000AB
:10054000C40A0000C70A0000CA0A0000CD0A000061
:10055000D00A0000D80A0000DB0A0000DE0A000012
:10056000E10A0000E40A0000E70A0000EA0A0000CD
:10057000F20A0000F50A0000F80A0000FB0A000079
:10058000FE0A0000010B0000040B0000070B000036
:100590000F0B0000120B0000150B0000180B0000E1
:1005A0001B0B00001E0B0000210B0000240B0000A1
:1005B0002C0B00002F0B0000320B0000350B00004D
:1005C000380B00003B0B00003E0B0000410B00000D
:1005D000490B00004C0B00004F0B0000520B0000B9
:1005E000550B0000580B00005B0B0000630B000074
:1005F000660B0000690B00006C0B00006F0B000025
:10060000720B0000750B00007D0B0000800B0000DA
:10061000830B0000860B0000890B00008C0B000090
:100620008F0B0000970B00009A0B00009D0B000041
:10063000A00B0000A30B0000A60B0000A90B0000FC
:10064000AF0B0000B20B0000B50B0000B80B0000B0
:10065000BB0B0000BE0B0000C10B0000C40B000070
:10066000C70B0000CA0B0000CD0B0000D00B000030
:10067000D30B0000D60B0000D90B0000DC0B0000F0
:10068000DF0B0000E20B0000E50B0000E80B0000B0
:10069000EB0B0000EE0B0000F10B0000F40B000070
:1006A000F70B0000FA0B0000FD0B0000000C00002F
:1006B000030C0000060C0000090C00000C0C0000EC
:1006C0000F0C0000120C0000150C0000180C0000AC
:1006D0001B0C00001E0C0000210C0000240C00006C
:1006E000270C00002A0C00002D0C0000300C00002C
:1006F000330C0000360C0000390C00003C0C0000EC
:100700003F0C0000420C0000450C0000480C0000AB
:100710004B0C00004E0C0000510C0000540C00006B
:10072000570C00005A0C0000290A00002C0A000097
:100730002F0A0000320A0000350A00003A0A0000C1
:100740003D0A0F004E0A0000510A0F008D0A0000FA
:10075000900A0000C62D0000BB2D0000B02D000047
:10076000A52D00009A2D00008F2D00007E2D090080
:100770006D2D09005C2D09004B2D0900402D000056
:10078000352D00002A2D00001F2D0000142D000023
:10079000092D0000FE2C0000F32C0000E82C0000C6
:1007A000DD2C0000D22C0000C72C0000BC2C000067
:1007B000B12C0000A62C00009B2C00008E2C030006
:1007C000832C0000302C0300352C09003E2C09003E
:1007D000472C0900502C0900592C0F006A2C0F00DF
:1007E000540728071C05EC04E003B40223000B00A7
:1007F00083000C0043004B0000002200250028006D
:100800002B002E0031003400020100000501080118
:100810000B01050505050705080808080202020284
:100820000A0A08080404040401010101010101018C
:100830000303030303030303040707070C0C0C0C57
:100840000C0C0C0C02020202060606060606060640
:100850000B0B0B0B0B0B0B0B0102102020080810CD
:100860002040102040800201020108040201010220
:1008700004081020408080402010080402018004F9
:100880000201804020100804020108040201010254
:10089000040810204080010204081020408000005D
:1008A0000A0B02090C0D0E080703040100000000EA
:1008B0000000000000000000000000000000000038
:1008C00000000000000000000000121110000000F5
:1008D0000000000000000000000000000000000018
:1008E00000000000BA4111241FBECFEFDFEFDEBFD2
:1008F000CDBF00E00CBF16E0A0E0B2E0E0E9F0EA16
:1009000000E00BBF02C007900D92AE35B107D9F7DA
:100910002DE2AEE5B6E001C01D92A53DB207E1F7BC
:1009200014E0C3E7D4E000E006C021970109802F5E
:10093000FE010E94324EC237D10780E00807A9F7B6
:100940000E944D470C9446500C94000040917B0847
:1009500050917C08EDE7F8E081E090E042305105ED
:1009600030F410927C0810927B080895C90121810F
:1009700021939C012F5F3F4F42175307B9F7909384
:100980007C0880937B080895282F30E0F901E25617
:10099000F74F9491F901E85AF74F44912E5E374F83
:1009A000F9012491222309F435C0992311F19150C2
:1009B0009231F8F4E92FF0E08827EE51FB4F8F4F8A
:1009C0000C94324E13051705F4040B050F05F904BA
:1009D0001A05200524052A052E05320538053C0593
:1009E000F904400546054A05809180008F77809381
:1009F0008000E22FF0E0EE0FFF1FE850F84FA591C6
:100A0000B4918FB7F894EC91611148C040954E2392
:100A10004C938FBF0895809180008F7DE8CF8091A7
:100A20008000877FE4CF84B58F7784BDE2CF84B523
:100A30008F7DFBCF8091B0008F778093B000D9CFAE
:100A40008091B0008F7DF9CF809190008F77809357
:100A50009000CFCF809190008F7DF9CF8091900052
:100A6000877FF5CF8091A0008F778093A000C1CFC2
:100A70008091A0008F7DF9CF8091A000877FF5CF76
:100A8000809120018F7780932001B3CF8091200146
:100A90008F7DF9CF80912001877FF5CF4E2BB8CF86
:100AA0003FB7F8948091770890917808A0917908E1
:100AB000B0917A0826B5A89B05C02F3F19F0019682
:100AC000A11DB11D3FBFBA2FA92F982F8827BC01A8
:100AD000CD01620F711D811D911D42E0660F771FD0
:100AE000881F991F4A95D1F7089581E090E00895F5
:100AF000825F9D4D0895AF92BF92CF92DF92EF92A9
:100B0000FF920F931F93CF93DF936C017B018B01B7
:100B1000040F151FEB015E01AE18BF08C017D10707
:100B200059F06991D601ED91FC910190F081E02D91
:100B3000C6011995892B79F7C501DF91CF911F91D6
:100B40000F91FF90EF90DF90CF90BF90AF900895FE
:100B5000FC01538D448D252F30E0842F90E0821BC3
:100B6000930B541710F0CF96089501970895FC0148
:100B7000918D828D981761F0A28DAE0FBF2FB11DA0
:100B80005D968C91928D9F5F9F73928F90E00895F8
:100B90008FEF9FEF0895FC01918D828D981731F0B2
:100BA000828DE80FF11D858D90E008958FEF9FEF06
:100BB0000895FC01918D228D892F90E0805C9F4FDC
:100BC000821B91098F73992708958DE799E00E9400
:100BD000D90521E0892B09F420E0822F0895FC013A
:100BE000A48DA80FB92FB11DA35ABF4F2C91848D8E
:100BF00090E001968F739927848FA689B7892C93EB
:100C0000A089B1898C91837080648C93938D848D3D
:100C1000981306C00288F389E02D80818F7D808340
:100C20000895EF92FF920F931F93CF93DF93EC0100
:100C300081E0888F9B8D8C8D98131AC0E889F98983
:100C4000808185FF15C09FB7F894EE89FF89608386
:100C5000E889F98980818370806480839FBF81E007
:100C600090E0DF91CF911F910F91FF90EF90089549
:100C7000F62E0B8D10E00F5F1F4F0F731127E02E24
:100C80008C8D8E110CC00FB607FCFACFE889F9895C
:100C9000808185FFF5CFCE010E94EF05F1CFEB8D6E
:100CA000EC0FFD2FF11DE35AFF4FF0829FB7F89430
:100CB0000B8FEA89FB8980818062CFCFCF93DF934E
:100CC000EC01888D8823B9F0AA89BB89E889F98964
:100CD0008C9185FD03C0808186FD0DC00FB607FC99
:100CE000F7CF8C9185FFF2CF808185FFEDCFCE01CC
:100CF0000E94EF05E9CFDF91CF91089580E090E069
:100D0000892B29F00E94E50581110E94000080E0F6
:100D100090E0892B49F080E090E0892B29F00E9437
:100D2000000081110E94000080E090E0892B49F0D2
:100D300080E090E0892B29F00E94000081110E9440
:100D4000000080E090E0892B49F080E090E0892B62
:100D500029F00E94000081110C940000089508956C
:100D6000089508950895FC018AE295E091838083B7
:100D700012821382148215821682178210861186BF
:100D8000128613861486158616861786108A118A8F
:100D9000128A138A148A158A168A81E0878B108E2C
:100DA000118E08950895FC0182E295E0918380837D
:100DB000128213821482158216821782108611867F
:100DC000128613861486158616861786108A118A4F
:100DD000128A138A148A158A168A178A108E118E1F
:100DE00081E0828F138E148E0895FC018AE195E0D4
:100DF0009183808312821382148215821682178255
:100E00001086118612861386148615861686178616
:100E1000108A118A128A138A148A158A168A81E026
:100E2000878B108E118E0895089508950895089562
:100E30000895FC011082118212821382148215829D
:100E400016821782108612861186138615861486DE
:100E5000DC01A35FBE4F11961C921E92168612965D
:100E60001C921196E15FFD4F118210821C92089531
:100E7000FB011082118212821382FA011082118208
:100E8000128213820895089590E080E0089590E022
:100E900080E00895089508950895DC01FB018085A0
:100EA000882329F17185628553854485358526859A
:100EB000978580891896EC911897E11116C07C935C
:100EC00011966C93119712965C93129713964C930C
:100ED000139714963C93149715962C931597169682
:100EE0009C93169717968C931797CD010895708150
:100EF0006181528143813481258196818781DACF56
:100F000082EE95E00895282F8CEE97E0A0E0BB27B5
:100F100030E0220F331F820F931FA11DB11DABBF05
:100F2000FC01879196910895FC018481882329F022
:100F30006581768187819085089560817181828144
:100F400093810895CF93DF93EC01CB010E94940726
:100F50002C81211104C0688379838A839B83DF916C
:100F6000CF910895CF93DF93EC01CB010E949407BA
:100F70002C81211104C0688379838A839B83CE01ED
:100F8000DF91CF9108952F923F924F925F926F928F
:100F90007F928F929F92AF92BF92CF92DF92EF9209
:100FA000FF920F931F93CF93DF93CDB7DEB7E697F2
:100FB0000FB6F894DEBF0FBECDBF6C014B015A01D6
:100FC0003901C701F6011082118212821382148244
:100FD00015821682178210860E9494071B012C012D
:100FE000C8010E9494079B01AC01C201B1010E949B
:100FF000454C6C8F7D8F8E8F9F8F18A219A21AA2DD
:101000001BA21CA2C3010E9494072B013C01C50135
:101010000E9494079B01AC01C301B2010E94454CA0
:101020006A877B878C879D871E861F86188A198A08
:101030001A8AC4010E9494072B013C01C5010E9439
:1010400094079B01AC01C301B2010E94454C698326
:101050007A838B839C831D821E821F821886198649
:10106000CE0101960E9494074B015C01CE010A96C5
:101070000E9494079B01AC01C501B4010E94B74CCA
:101080006B8B7C8B8D8B9E8B1F8A188E198E1A8E84
:101090001B8ECE0143960E9494074B015C01CE014A
:1010A0004C960E9494079B01AC01C501B4010E94BB
:1010B000A34D6DA37EA38FA398A719A61AA61BA65E
:1010C0001CA61DA6CE0185960E9494074B015C01CB
:1010D000C8010E9494079B01AC01C501B4010E94A4
:1010E000464C6EA77FA788AB99AB1AAA1BAA1CAA6D
:1010F0001DAA1EAABE01625D7F4FC6010E94B207F3
:10110000C601E6960FB6F894DEBF0FBECDBFDF91E5
:10111000CF911F910F91FF90EF90DF90CF90BF90F4
:10112000AF909F908F907F906F905F904F903F9087
:101130002F900895CF93DF93EC01CB010E94940789
:10114000688379838A839B831C821D821E821F820F
:101150001886DF91CF910895FC018281882319F0D0
:10116000838194810895808191810895CF93DF9345
:10117000EC01CB010E94AC082A81211102C09983A5
:101180008883CE01DF91CF910895AF92BF92CF9225
:10119000DF92EF92FF920F931F93CF93DF93EC01B7
:1011A0008B015A017901198218821A821C821B82D2
:1011B000CB010E94AC086C01C5010E94AC08B701CC
:1011C000C816D90609F0B801CE010E94B608CE01B2
:1011D000DF91CF911F910F91FF90EF90DF90CF9013
:1011E000BF90AF900895CF93DF93EC01CB010E94A5
:1011F000AC082A81211102C099838883DF91CF91A5
:101200000895CF93DF93EC01CB010E94AC08998342
:1012100088831A821C821B82DF91CF910895CF931D
:10122000DF9300D01F92CDB7DEB7FB014081518123
:1012300062817381FC012481211104C040835183A8
:10124000628373830F900F900F900F90DF91CF9177
:101250000895CF93DF93EB010E949407688379830D
:101260008A839B83DF91CF910895FC0114820895B6
:10127000FC0114820895CF93DF93FC01EB01888178
:101280009981AA81BB8121E0248385839683A783EA
:10129000B08780839183A283B383DF91CF91089538
:1012A000CF93DF9300D01F92CDB7DEB7FB01408113
:1012B000518162817381FC012481211104C040832A
:1012C0005183628373830F900F900F900F90DF9183
:1012D000CF910895CF93DF93EB010E949407688329
:1012E00079838A839B83DF91CF910895FC011482D7
:1012F0000895CF93DF93FC01EB0188819981AA8146
:10130000BB8121E0248385839683A783B087808374
:101310009183A283B383DF91CF910895FC01DB0118
:10132000808581111DC07C9111966C911197129648
:101330005C91129713964C91139714963C911497C5
:1013400015962C91159716969C91169717968C9139
:101350007083618352834383348325839683878399
:101360000895FC01DB0180858823F1F07185628599
:101370005385448535852685978580897C9311968C
:101380006C93119712965C93129713964C93139744
:1013900014963C93149715962C93159716969C9338
:1013A000169717968C9308957081618152814381BD
:1013B0003481258196818781E1CFFC0110860895D3
:1013C000FC0110860895FC01DB017C9111966C9163
:1013D000119712965C91129713964C91139714964D
:1013E0003C91149715962C91159716969C911697EB
:1013F00017968C91A1E0A0877187628753874487F5
:10140000358726879787808B7083618352834383D8
:1014100034832583968387830895FC01DB018085CF
:1014200081111DC07C9111966C91119712965C915F
:10143000129713964C91139714963C911497159606
:101440002C91159716969C91169717968C917083F0
:1014500061835283438334832583968387830895EE
:10146000FC01DB0180858823F1F07185628553855D
:10147000448535852685978580897C9311966C9364
:10148000119712965C93129713964C931397149698
:101490003C93149715962C93159716969C93169734
:1014A00017968C93089570816181528143813481B4
:1014B000258196818781E1CFFC01DB017C9111962A
:1014C0006C91119712965C91129713964C91139709
:1014D00014963C91149715962C91159716969C91FD
:1014E000169717968C91A1E0A08771876287538722
:1014F0004487358726879787808B708361835283E3
:10150000438334832583968387830895FC01248154
:1015100021110AC0FB014081518162817381FC016C
:1015200040835183628373830895FC0184818823FF
:1015300051F085819681A781B085FB0180839183DD
:10154000A283B383089580819181A281B381F5CF75
:10155000FC0114820895CF93DF93FC01EB01888195
:101560009981AA81BB8121E0248385839683A78307
:10157000B08780839183A283B383DF91CF91089555
:10158000FC01248121110AC0FB014081518162814B
:101590007381FC0140835183628373830895FC014E
:1015A0008481882351F085819681A781B085FB01D4
:1015B00080839183A283B383089580819181A281E6
:1015C000B381F5CFCF93DF93FC01EB018881998143
:1015D000AA81BB8121E0248385839683A783B0877A
:1015E00080839183A283B383DF91CF910895FC011F
:1015F0002281211106C0FB0120813181FC01318350
:1016000020830895FC018281882331F083819481B5
:10161000FB0191838083089580819181F9CFFC0142
:1016200012820895FC0112820895FC01DB018D9164
:101630009C9121E022839483838391838083089506
:10164000FC012281211106C0FB0120813181FC01B6
:10165000318320830895CF93DF93EB010E94AC0880
:1016600099838883DF91CF910895FC01DB018D91EF
:101670009C9121E0228394838383918380830895C6
:10168000FC012181211104C0FB012081FC01208388
:101690000895FC018181882321F08281FB018083F0
:1016A00008958081FBCFFC0111820895FC01118215
:1016B0000895FC01DB018C9191E09183828380830A
:1016C0000895FC012181211104C0FB012081FC014E
:1016D00020830895FC018181882321F08281FB0110
:1016E000808308958081FBCFFC0111820895FC0165
:1016F000DB018C9191E09183828380830895FC01CA
:10170000108211821282138214821582168217822D
:1017100010861186128613861486158616861786FD
:10172000108A0895E0E3FCE2118210821282148292
:1017300013821582168217821086118612861386EE
:101740001486158616861786108A118A128A138ABD
:10175000148A158A168A178A108E118E128E138E8D
:10176000148E158E168E178E10A211A212A213A21D
:1017700014A215A216A217A210A689E59CE20E9447
:101780007F0B8AE69CE20C947F0BCF93DF93EC01F6
:1017900082E195E0998388831A821B821C82CE01A4
:1017A00005960E947F0B1E8A1F8A188ECE014996CD
:1017B0000E947F0B1AA61BA61CA61DA61EA61FA66E
:1017C000CE01C0960E947F0BCE018F5B9F4F0E947F
:1017D0007F0BCE5ADF4F81E0888319821A82DF9116
:1017E000CF9108953F924F925F926F927F928F9226
:1017F0009F92AF92BF92CF92DF92EF92FF920F93A0
:101800001F93CF93DF9386EC95E090931B0A809310
:101810001A0A82EB95E090931D0A80931C0A86ECCD
:101820009DE290931F0A80931E0ACBEBDDE2D093DA
:10183000210AC093200A00EB1DE21093230A0093B3
:10184000220A332433943092240A1092250A1092EB
:10185000260A8EE995E09093280A8093270A109231
:10186000290A10922A0A10922B0A10922C0A10921E
:101870002D0A10922E0A10922F0A1092300A1092FE
:10188000310A1092320A1092330A1092340A1092DE
:10189000350A1092360A1092370A88E39AE00E94BD
:1018A000C50B10928D0A10928E0A10928F0A109218
:1018B000900A1092910A1092920AD093940AC093BF
:1018C000930A85EAC82E8DE2D82ED092960AC0924D
:1018D000950A9AE9E92E9DE2F92EF092980AE09293
:1018E000970A10939A0A0093990A8FE89DE29093C1
:1018F0009C0A80939B0A30929D0A10929E0A109235
:101900009F0A8AE895E09093A10A8093A00A82EA50
:101910009AE00E94F5068CEB9AE00E94F50686EDAF
:101920009AE00E94F50680EF9AE00E94D3068DE0CF
:101930009BE00E94D3068AE29BE00E94D30687E4E4
:101940009BE00E94B30681E69BE00E94B3068BE712
:101950009BE00E94B30685E99BE00E94B3061092CB
:10196000AF0B1092B00B1092B10B1092B20B109201
:10197000B30B1092B40B1092B50B1092B60B1092E1
:10198000B70B1092B80B1092B90B1092BA0B1092C1
:10199000BB0B1092BC0B1092BD0B1092BE0B1092A1
:1019A000BF0B1092C00B1092C10B1092C20B109281
:1019B000C30B1092C40B1092C50B1092C60B109261
:1019C000C70B1092C80B1092C90B1092CA0B109241
:1019D000CB0B1092CC0B1092CD0B1092CE0B109221
:1019E000CF0B1092D00B1092D10B1092D20B109201
:1019F000D30B1092D40B1092D50B1092D60B1092E1
:101A0000D70B1092D80B1092D90B1092DA0B1092C0
:101A1000DB0B1092DC0B1092DD0B1092DE0B1092A0
:101A2000DF0B1092E00B1092E10B1092E20B109280
:101A3000E30B1092E40B1092E50B1092E60B109260
:101A4000E70B1092E80B1092E90B1092EA0B109240
:101A5000EB0B1092EC0B1092ED0B1092EE0B109220
:101A6000EF0B1092F00B1092F10B1092F20B109200
:101A7000F30B1092F40B1092F50B1092F60B1092E0
:101A8000F70B1092F80B1092F90B1092FA0B1092C0
:101A9000FB0B1092FC0B1092FD0B1092FE0B1092A0
:101AA000FF0B1092000C1092010C1092020C10927D
:101AB000030C1092040C1092050C1092060C10925C
:101AC000070C1092080C1092090C10920A0C10923C
:101AD0000B0C10920C0C10920D0C10920E0C10921C
:101AE0000F0C1092100C1092110C1092120C1092FC
:101AF000130C1092140C1092150C1092160C1092DC
:101B0000170C1092180C1092190C10921A0C1092BB
:101B10001B0C10921C0C10921D0C10921E0C10929B
:101B20001F0C1092200C1092210C1092220C10927B
:101B3000230C1092240C1092250C1092260C10925B
:101B4000270C1092280C1092290C10922A0C10923B
:101B50002B0C10922C0C10922D0C10922E0C10921B
:101B60002F0C1092300C1092310C1092320C1092FB
:101B7000330C1092340C1092350C1092360C1092DB
:101B8000370C1092380C1092390C10923A0C1092BB
:101B90003B0C10923C0C10923D0C10923E0C10929B
:101BA0003F0C1092400C1092410C1092420C10927B
:101BB000430C1092440C1092450C1092460C10925B
:101BC000470C1092480C1092490C10924A0C10923B
:101BD0004B0C10924C0C10924D0C10924E0C10921B
:101BE0004F0C1092500C1092510C1092520C1092FB
:101BF000530C1092540C1092550C1092560C1092DB
:101C0000570C1092580C1092590C10925A0C1092BA
:101C10005B0C10925C0CD0935E0CC0935D0C109327
:101C2000600C00935F0CD092620CC092610CF09239
:101C3000640CE092630C20E4622E2DE2722E70920E
:101C4000660C6092650C35E3432E3DE2532E5092B4
:101C5000680C4092670C8FE19DE290936A0C809330
:101C6000690C84E19DE290936C0C80936B0C8AE28A
:101C70009DE290936E0C80936D0C89E09DE29093B1
:101C8000700C80936F0C8EEF9CE29093720C80939B
:101C9000710C83EF9CE29093740C8093730C88EE2C
:101CA0009CE29093760C8093750C8DED9CE2909362
:101CB000780C8093770C82ED9CE290937A0C809361
:101CC000790C87EC9CE290937C0C80937B0C8CEBE2
:101CD0009CE290937E0C80937D0C81EB9CE2909330
:101CE000800C80937F0C86EA9CE29093820C809318
:101CF000810C3092830C1092840C1092850C86E734
:101D000095E09093870C8093860C1092880C10922B
:101D1000890C10928A0C10928B0C10928C0C1092E1
:101D20008D0C10928E0C10928F0C1092900C1092C1
:101D3000910C1092920C1092930C1092940C1092A1
:101D4000950C1092960C1092970C1092980C109281
:101D5000990C10929A0C10929B0C10929C0C109261
:101D60009D0C10929E0C10929F0C1092A00C109241
:101D7000A10C1092A20C1092A30C1092A40C109221
:101D8000A50C1092A60C1092A70C1092A80C109201
:101D9000A90C1092AA0C1092AB0C1092AC0C1092E1
:101DA000AD0C1092AE0C1092AF0C1092B00C1092C1
:101DB000B10C1092B20C1092B30C1092B40C1092A1
:101DC000B50C1092B60C1092B70C1092B80C109281
:101DD000B90C1092BA0C1092BB0C1092BC0C109261
:101DE000BD0C1092BE0C1092BF0C1092C00C109241
:101DF000C10C1092C20C1092C30C1092C40C109221
:101E0000C50C1092C60C1092C70C1092C80C109200
:101E1000C90C1092CA0C1092CB0C1092CC0C1092E0
:101E2000CD0C1092CE0C1092CF0C1092D00C1092C0
:101E3000D10C1092D20C1092D30C1092D40C1092A0
:101E4000D50C1092D60C1092D70C1092D80C109280
:101E5000D90C1092DA0C1092DB0C4EE7842E4DE276
:101E6000942E9092DD0C8092DC0C5DE6E52E5DE216
:101E7000F52EF092DF0CE092DE0C6CE5A62E6DE202
:101E8000B62EB092E10CA092E00C7BE4C72E7DE26E
:101E9000D72ED092E30CC092E20C3092E40C109258
:101EA000E50C1092E60C82E695E09093E80C8093A6
:101EB000E70C1092E90C1092EA0C1092EB0C1092C5
:101EC000EC0C1092ED0C1092EE0C1092EF0C1092A4
:101ED000F00C1092F10C1092F20C1092F30C109284
:101EE000F40C1092F50C1092F60C1092F70C109264
:101EF000F80C1092F90C1092FA0C1092FB0C109244
:101F0000FC0C1092FD0C1092FE0C1092FF0C109223
:101F1000000D1092010D1092020D1092030D1092FF
:101F2000040D1092050D1092060D1092070D1092DF
:101F3000080D1092090D10920A0D10920B0D1092BF
:101F40000C0D8DE09DE00E94C50B1092620D109269
:101F5000630D1092640D1092650D1092660D109233
:101F6000670D1092680D1092690D10926A0D109213
:101F70006B0D10926C0D10926D0D8EE69DE00E941F
:101F8000C50B1092C30D1092C40D1092C50D8AE5B9
:101F900095E09093C70D8093C60D1092C80D1092D6
:101FA000C90D1092CA0D1092CB0D1092CC0D10924B
:101FB000CD0D1092CE0D1092CF0D1092D00D30920B
:101FC000D10D1092D20D1092D30D1092D40D10920B
:101FD000D50D1092D60D1092D80D1092D70D1092EB
:101FE000D90D1092DB0D1092DA0D1092DC0D1092CB
:101FF000DD0D1092DE0D1092E00D1092DF0D1092AB
:10200000E10D1092E30D1092E20D1092E40D10928A
:10201000E50D1092E60D1092E80D1092E70D10926A
:10202000E90D1092EB0D1092EA0D1092EC0D10924A
:10203000ED0D1092EE0D1092EF0D1092F00D10922A
:10204000F10D1092F20D1092F30D1092F40D10920A
:10205000F50D1092F60D1092F70D1092F80D1092EA
:10206000F90D1092FA0D1092FC0D1092FB0D1092CA
:10207000FD0D1092FF0D1092FE0D1092000E1092A9
:10208000010E1092020E1092030E1092040E109286
:10209000050E1092060E1092070E1092080E109266
:1020A000090E10920A0E10920B0E10920C0E109246
:1020B0000D0E10920E0E1092100E10920F0E109226
:1020C000110E1092130E1092120E1092140E109206
:1020D000150E1092160E1092170E1092180E1092E6
:1020E000190E10921A0E10921B0E10921C0E1092C6
:1020F0001E0E10921D0E10921F0E1092210E1092A5
:10210000200E1092220E1092230E1092240E109286
:10211000250E1092260E1092270E1092280E109265
:10212000290E10922A0E10922B0E10922C0E109245
:102130002D0E10922E0E10922F0E1092300E109225
:10214000320E1092310E1092330E1092350E109204
:10215000340E1092360E1092370E1092380E1092E6
:10216000390E10923A0E10923B0E10923C0E1092C5
:102170003D0E10923E0E1092400E10923F0E1092A5
:10218000410E1092430E1092420E1092440E109285
:10219000450E1092460E1092470E1092480E109265
:1021A000490E10924A0E10924B0E10924C0E109245
:1021B0004E0E10924D0E10924F0E1092510E109224
:1021C000500E1092520E1092530E1092540E109206
:1021D000560E1092550E1092570E1092590E1092E4
:1021E000580E10925A0E10925B0E10925C0E1092C6
:1021F0005E0E10925D0E10925F0E1092610E1092A4
:10220000600E1092620E1092630E1092640E109285
:10221000660E1092650E1092670E1092690E109263
:10222000680ED0936B0EC0936A0E90926D0E8092E2
:102230006C0EF0926F0EE0926E0EB092710EA09244
:10224000700ED092730EC092720E7092750E6092E4
:10225000740E5092770E4092760E8FE19DE290932D
:10226000790E8093780E84E19DE290937B0E8093AB
:102270007A0E8AE29DE290937D0E80937C0EEEE8CA
:10228000CE2EECE2DE2ED0927F0EC0927E0EF0E3D8
:10229000AF2EFCE2BF2EB092810EA092800E309243
:1022A000820E1092830E1092840E86E495E0909335
:1022B000860E8093850E87E89EE00E94190788E9C4
:1022C00090E10E94190789EA92E10E9419078AEBBE
:1022D00094E10E9419078BEC96E10E9419078CED9E
:1022E00098E10E9419078DEE9AE10E9419078EEF7E
:1022F0009CE10E9419078FE09FE10E94190780E28C
:1023000091E20E94190781E393E20E94190782E497
:1023100095E20E94190783E597E20E94190784E677
:1023200099E20E9419071092752B1092762B109249
:10233000772B1092782B1092792B10927A2B109287
:102340007B2B10927C2B10927D2B10927E2B109267
:102350007F2B1092802B1092812B1092822B109247
:10236000832BD093852BC093842B89E09DE290939F
:10237000872B8093862B8EEF9CE29093892B809302
:10238000882B83EF9CE290938B2B80938A2B88EE93
:102390009CE290938D2B80938C2B8DED9CE29093FF
:1023A0008F2B80938E2B82ED9CE29093912B8093C8
:1023B000902B87EC9CE29093932B8093922B8CEB49
:1023C0009CE29093952B8093942B81EB9CE29093CD
:1023D000972B8093962B86EA9CE29093992B80937F
:1023E000982BB0929B2BA0929A2BF0929D2BE0926F
:1023F0009C2B8BE99CE290939F2B80939E2BD092F9
:10240000A12BC092A02B1093A32B0093A22B83E8A7
:102410009CE29093A52B8093A42B3092A62B109234
:10242000A72B1092A82B82E395E09093AA2B809380
:10243000A92B3092AB2B1092AC2B1092AD2BEEEA65
:10244000FBE28AE19CE211821082128213821482E2
:1024500015821682178210861186128613861486BC
:10246000158617861686118A108A72968E179F0710
:1024700051F78CE19AE090931B2C80931A2C8AEEF2
:1024800095E09093AF2B8093AE2B20E82093B02B58
:1024900086E98093B12B88E98093B22B1092B32BFD
:1024A0001092B42B1092B52B1092B62B1092B72B22
:1024B0001092B82B1092B92B1092BA2B1092BB2B02
:1024C0008AE19CE29093BD2B8093BC2B81E090E04D
:1024D0009093BF2B8093BE2B47E25AE050931D2C64
:1024E00040931C2C40EA5AE050931F2C40931E2C22
:1024F00046EF55E05093C12B4093C02B2093C22B45
:1025000030EF3093C32B3AEF3093C42B32E030934B
:10251000C52B1092C62B1092C72B1092C82B10926D
:10252000C92B41E050E060E070E04093CA2B50932B
:10253000CB2B6093CC2B7093CD2B4CE15CE2509372
:10254000CF2B4093CE2B42E050E05093D12B4093C1
:10255000D02B46E85CE05093212C4093202C43E0A4
:1025600056E05093D32B4093D22B1092D42B31EEC4
:102570003093D52B35EF3093D62B35E03093D72BD6
:102580001092D82B1092D92B1092DA2B1092DB2BB1
:1025900042E050E060E070E04093DC2B5093DD2B94
:1025A0006093DE2B7093DF2B40E25CE25093E12BD3
:1025B0004093E02B9093E32B8093E22B47EE5CE07B
:1025C0005093232C4093222C4FE056E05093E52B60
:1025D0004093E42B2093E62B22EB2093E72B26EE6F
:1025E0002093E82B2EE02093E92B1092EA2B1092F7
:1025F000EB2B1092EC2B1092ED2B43E050E060E0BF
:1026000070E04093EE2B5093EF2B6093F02B709380
:10261000F12B22E23CE23093F32B2093F22B9093A8
:10262000F52B8093F42B25E83EE03093252C209366
:10263000242C2AE136E03093F72B2093F62B1092CE
:10264000F82B25E62093F92B2DEC2093FA2B2DE186
:102650002093FB2B1092FC2B1092FD2B1092FE2B43
:102660001092FF2B44E050E060E070E04093002CBB
:102670005093012C6093022C7093032C24E23CE2D3
:102680003093052C2093042C9093072C8093062CD8
:1026900029EA3BE23093272C2093262C25E236E0D2
:1026A0003093092C2093082C10920A2C2AEC2093AA
:1026B0000B2C2AE920930C2C2BE320930D2C109249
:1026C0000E2C10920F2C1092102C1092112C45E011
:1026D00050E060E070E04093122C5093132C609314
:1026E000142C7093152C26E23CE23093172C209387
:1026F000162C9093192C8093182C8EE296E09093D0
:10270000292C8093282C83E396E090932B2C8093A4
:102710002A2C8EEA9BE290932D2C80932C2C86E021
:1027200090E090932F2C80932E2CDF91CF911F91CE
:102730000F91FF90EF90DF90CF90BF90AF909F9060
:102740008F907F906F905F904F903F900895FC0125
:102750008181882311F08281089580810895CF932B
:10276000DF93FC01C481D581828193810E94A713EC
:102770009981911103C091E089278883DF91CF91DE
:102780000895CF93DF93EC01CB010E94A7139981A9
:10279000911101C08883DF91CF910895CF92DF928C
:1027A000EF92FF920F931F93CF93DF93CDB7DEB7D6
:1027B000E6970FB6F894DEBF0FBECDBF6C0180E088
:1027C00090E0A8ECB2E48DA39EA3AFA3B8A719A68E
:1027D0001AA61BA61CA61DA61C8E1D8E1E8E1F8E45
:1027E00018A219A21AA21BA21CA280E090E0AAE7DC
:1027F000B4E48B8B9C8BAD8BBE8B1F8A188E198E8D
:102800001A8E1B8E1A861B861C861D861E861F86A8
:10281000188A198A1A8AB6016E5F7F4FCE01019617
:102820000E949A08CE0185967C018E01045E1F4F9E
:102830009E012D5E3F4FAE01465F5F4FBE016F5F51
:102840007F4F09960E94C3078601075D1F4FBE0197
:10285000625D7F4FC8010E94B207C6018696F601ED
:1028600027A1211102C021E026A30E94A7138823DB
:1028700081F0F601EA5AFF4FE080F180B801CE0105
:1028800001960E949A08BE016F5F7F4FC7010E94A8
:10289000A20780E090E0A8ECB2E48DA39EA3AFA3D2
:1028A000B8A719A61AA61BA61CA61DA61C8E1D8EAF
:1028B0001E8E1F8E18A219A21AA21BA21CA280E0B3
:1028C00090E0AAE7B4E48B8B9C8BAD8BBE8B1F8A08
:1028D000188E198E1A8E1B8E1A861B861C861D86D4
:1028E0001E861F86188A198A1A8AB601655F7F4F6D
:1028F000CE0101960E949A08CE0185967C018E0138
:10290000045E1F4F9E012D5E3F4FAE01465F5F4F3D
:10291000BE016F5F7F4F09960E94C30786010B5C63
:102920001F4FBE01625D7F4FC8010E94B207C60102
:10293000C296F60123A9211102C021E022AB0E9418
:10294000A713882381F0F601E85AFF4FE080F18059
:10295000B801CE0101960E949A08BE016F5F7F4FB9
:10296000C7010E94A20780E090E0A0E2B1E48DA33D
:102970009EA3AFA3B8A719A61AA61BA61CA61DA6A0
:102980001C8E1D8E1E8E1F8E18A219A21AA21BA2AB
:102990001CA280E090E0AAE7B4E48B8B9C8BAD8B0B
:1029A000BE8B1F8A188E198E1A8E1B8E1A861B8656
:1029B0001C861D861E861F86188A198A1A8AB601E9
:1029C0006C5E7F4FCE0101960E949A08CE018596DB
:1029D0007C018E01045E1F4F9E012D5E3F4FAE01B4
:1029E000465F5F4FBE016F5F7F4F09960E94C3072E
:1029F00086010F5B1F4FBE01625D7F4FC8010E94C1
:102A0000B207C601CE96F60127AD211102C021E022
:102A100026AF0E94A713882381F0F601E65AFF4FE4
:102A2000E080F180B801CE0101960E949A08BE01B3
:102A30006F5F7F4FC7010E94A20780E090E0A8EC83
:102A4000B2E48DA39EA3AFA3B8A719A61AA61BA68E
:102A50001CA61DA61C8E1D8E1E8E1F8E18A219A2CE
:102A60001AA21BA21CA280E090E0AAE7B4E48B8B20
:102A70009C8BAD8BBE8B1F8A188E198E1A8E1B8E67
:102A80001A861B861C861D861E861F86188A198A32
:102A90001A8AB601635E7F4FCE0101960E949A08A2
:102AA000CE0185967C018E01045E1F4F9E012D5E36
:102AB0003F4FAE01465F5F4FBE016F5F7F4F09968C
:102AC0000E94C3078601035B1F4FBE01625D7F4FFB
:102AD000C8010E94B207C601865B9F4FFC0121819D
:102AE000211102C021E020830E94A713882381F0D6
:102AF000F601E45AFF4FC080D180B801CE010196A3
:102B00000E949A08BE016F5F7F4FC6010E94A20714
:102B1000E6960FB6F894DEBF0FBECDBFDF91CF9122
:102B20001F910F91FF90EF90DF90CF900895EF925B
:102B3000FF921F93CF93DF93EC01CB017A010E94A8
:102B4000A713182FC7010E94A713812B888319820E
:102B50001A82CE01DF91CF911F91FF90EF900895DF
:102B6000EF92FF921F93CF93DF93EC01CB017A0199
:102B70000E94A713182FC7010E94A71381238883DF
:102B800019821A82CE01DF91CF911F91FF90EF90B1
:102B900008951F93CF93DF93EC01162FCA010E9473
:102BA000A7138123888319821A82CE01DF91CF91E6
:102BB0001F910895CF93DF93EC01CB010E94A713DF
:102BC000888319821A82DF91CF910895CF93DF9382
:102BD000EC01CB010E94A7139981911101C0888358
:102BE000CE01DF91CF9108952F923F924F925F9245
:102BF0006F927F928F929F92AF92BF92CF92DF920D
:102C0000EF92FF920F931F93CF93DF93CDB7DEB771
:102C1000E8970FB6F894DEBF0FBECDBF8C01FC0164
:102C2000E150F34EE080F180C7010E94A7138111AB
:102C300009C0D80113968C911397811103C081E0CC
:102C400012968C93C7010E94A713811106C0F80148
:102C50008185811102C081E08087F801EF5FF24E2B
:102C6000E080F180C7010E94A71398012D5E3D4FBF
:102C70006901882341F0D90111968C911197811136
:102C800002C081E08C93C7010E94A713882341F002
:102C9000F801E75EFD4F8181811102C081E08083F0
:102CA000F801EB5FF24EE080F180C7010E94A713AC
:102CB000F801EB5CF94FFFA7EEA7882329F081818B
:102CC000811102C081E08083C7010E94A71388237D
:102CD00041F0F801E55CF94F8181811102C081E08A
:102CE0008083F801ED5FF24EE080F180C7010E9421
:102CF000A71398012C5D3B4F1901882341F0D9019E
:102D000011968C911197811102C081E08C93C701BB
:102D10000E94A713882341F0F801E65DFB4F8181F3
:102D2000811102C081E08083F801E95FF24EE0800A
:102D3000F180C7010E94A713F801EA5BF74FF9ABD6
:102D4000E8AB882329F08181811102C081E0808372
:102D5000C7010E94A713882341F0F801E45BF74FF5
:102D60008181811102C081E08083F801E75FF24E2A
:102D7000E080F180C7010E94A7139801295A354FBE
:102D80003BAB2AAB882341F0D90111968C91119766
:102D9000811102C081E08C93C7010E94A713882390
:102DA00041F0F801E35AF54F8181811102C081E0C1
:102DB0008083F801E55FF24EA080B180C5010E94DA
:102DC000A713F801E859F34F7F01882329F0818187
:102DD000811102C081E08083C5010E94A71388236E
:102DE00041F0F801E259F34F8181811102C081E085
:102DF0008083F801E35FF24EA080B180C5010E949C
:102E0000A71398012758314F2901882341F0D90190
:102E100011968C911197811102C081E08C93C501AC
:102E20000E94A713882341F0F801E158F14F8181F6
:102E3000811102C081E08083F801E15FF24EFDABB9
:102E4000ECABA080B180C5010E94A7139801265762
:102E50003F4E3901882341F0D90111968C91119789
:102E6000811102C081E08C93C5010E94A7138823C1
:102E700041F0F801E057FF4E8181811102C081E0ED
:102E80008083F801EF5EF24EFFABEEABA080B18025
:102E9000C5010E94A713882341F0F801E556FD4EB5
:102EA0008181811102C081E08083C5010E94A71346
:102EB000882341F0F801E35AF54F8181811102C066
:102EC00081E08083F801ED5EF24EA080B180C50103
:102ED0000E94A713882341F0F801E455FB4E81813D
:102EE000811102C081E08083C5010E94A71388235D
:102EF00041F0F801EE54FB4E8181811102C081E066
:102F00008083F801E75EF24EA080B180C5010E9487
:102F1000A713882341F0F801E354F94E8181811110
:102F200002C081E08083C5010E94A713882341F07D
:102F3000F801ED53F94E8181811102C081E0808357
:102F4000F801EB5EF24E60817181605E7F4FCE01D1
:102F500001960E949A08F801E95EF24E8081918103
:102F60000E9494074B015C01CE0101960E949407D8
:102F70009B01AC01F1E0F8AFC501B4010E949E4D88
:102F800087FD18AE28AD2A871B861C8658013AE0BB
:102F9000A31A33EEB30ABE01665F7F4FC5010E94DC
:102FA000E615F801ED50F34E8181811102C081E0F8
:102FB0008083C5010E94A713882341F0F801E152E4
:102FC000F54E8181811102C081E0808387E090E02D
:102FD0009A8389831B821D821C82F801E55EF24E72
:102FE000808191810E94AC085C01CE0101960E9413
:102FF000AC0821E0A816B90609F020E02A871B8654
:103000001C86480184E0881A83EE980ABE01665F38
:103010007F4FC4010E94E615C8018750934EDC0122
:1030200011962C911197211102C021E02C930E943E
:10303000A7135801B2E3AB1AB7EEBB0A882321F0FD
:10304000B401C5010E94E615A601B501CE010196A5
:103050000E949715A8014354594EBE016F5F7F4FE0
:10306000CE010A960E949715A701BE01665F7F4FA9
:10307000CE010D960E949715A80144555B4EBE01E6
:10308000635F7F4FCE0140960E949715A301BE015A
:10309000605F7F4FCE0143960E949715A801455669
:1030A0005D4EBE016D5E7F4FCE0146960E94971524
:1030B000A201BE016A5E7F4FCE0149960E9497151C
:1030C000A101BE01675E7F4FCE014C960E9497150D
:1030D0004EA55FA5BE01645E7F4FCE014F960E9454
:1030E000971548A959A9BE01615E7F4FCE0182960E
:1030F0000E9497154AA95BA9BE016E5D7F4FCE0164
:1031000085960E949715A8014E5F5F4FBE016B5DCB
:103110007F4FCE0188960E949715A8014152554EC7
:10312000BE01685D7F4FCE018B960E949715BE0150
:10313000655D7F4FC8018051934E0E94E61568017E
:10314000E1EECE1AE2EEDE0AD601ED90FC90C70168
:103150000E94A713882331F0F8018681811102C0F3
:1031600081E08583C7010E94A713882341F0F801FD
:10317000EA5EFD4F8181811102C081E08083C70139
:103180000E94A713882341F0F801E85CF94F818180
:10319000811102C081E08083C7010E94A7138823A8
:1031A00041F0F801E95DFB4F8181811102C081E0AE
:1031B0008083C7010E94A713882341F0F801E75BD1
:1031C000F74F8181811102C081E08083C7010E9495
:1031D000A713882341F0F801E65AF54F8181811148
:1031E00002C081E08083C7010E94A713882341F0B9
:1031F000F801E559F34F8181811102C081E080839C
:10320000C7010E94A713882341F0F801E458F14F49
:103210008181811102C081E08083C7010E94A713D0
:10322000882349F0ACA9BDA9ED91FC918181811160
:1032300002C081E08083F601808191810E94A71302
:10324000882349F0AEA9BFA9ED91FC91818181113C
:1032500002C081E08083F601E080F180C7010E9416
:10326000A713882341F0F801E155FB4E81818111BC
:1032700002C081E08083C7010E94A713882341F028
:10328000F801EF52F74E8181811102C081E0808305
:10329000C7010E94A713882381F0F801E054F94E7A
:1032A0008181811102C081E08083F801EE51F54EE9
:1032B0008181811102C081E080836801FDE1CF0E30
:1032C000DF1ED601ED90FC90C7010E94A713882352
:1032D00029F0F8018681811101C01582C7010E9481
:1032E000A713882341F0D80119968C911997811161
:1032F00002C018961C92C7010E94A713882339F0B8
:10330000F801EA5EFD4F8181811101C01082C70181
:103310000E94A713882339F0F801E75EFD4F8181F1
:10332000811101C01082C7010E94A713882339F0C0
:10333000F801E85CF94F8181811101C01082C70159
:103340000E94A713882339F0F801E55CF94F8181C9
:10335000811101C01082C7010E94A713882339F090
:10336000F801E95DFB4F8181811101C01082C70125
:103370000E94A713882339F0F801E65DFB4F818195
:10338000811101C01082C7010E94A713882339F060
:10339000F801E75BF74F8181811101C01082C701FD
:1033A0000E94A713882339F0F801E45BF74F81816D
:1033B000811101C01082C7010E94A713882339F030
:1033C000F801E65AF54F8181811101C01082C701D1
:1033D0000E94A713882339F0F801E35AF54F818141
:1033E000811101C01082C7010E94A713882339F000
:1033F000F801E559F34F8181811101C01082C701A5
:103400000E94A713882339F0F801E259F34F818114
:10341000811101C01082C7010E94A713882339F0CF
:10342000F801E458F14F8181811101C01082C70178
:103430000E94A713882339F0F801E158F14F8181E8
:10344000811101C01082C7010E94A713882351F087
:10345000F801E15FF24E0190F081E02D8181811150
:1034600001C01082F601E080F180C7010E94A7131D
:10347000882339F0F801E057FF4E8181811101C0A6
:103480001082C7010E94A713882351F0F801EF5E54
:10349000F24E0190F081E02D8181811101C01082F6
:1034A000D601ED90FC90C7010E94A713882339F044
:1034B000F801EF55FD4E8181811101C01082C701D5
:1034C0000E94A713882339F0F801E155FB4E818152
:1034D000811101C01082C7010E94A713882339F00F
:1034E000F801EE54FB4E8181811101C01082C701A9
:1034F0000E94A713882339F0F801EF52F74E81811B
:10350000811101C01082C7010E94A713882339F0DE
:10351000F801EC52F74E8181811101C01082C70180
:103520000E94A713882371F0F801E054F94E8181BD
:10353000811101C01082F801E152F54E81818111A3
:1035400001C01082C7010E94A713882339F0F80137
:10355000ED53F94E8181811101C01082C7010E9493
:10356000A713882339F0F801EB51F54E81818111C1
:1035700001C01082E8960FB6F894DEBF0FBECDBF33
:10358000DF91CF911F910F91FF90EF90DF90CF903F
:10359000BF90AF909F908F907F906F905F904F9073
:1035A0003F902F900895CF93DF93EC01CB010E94C1
:1035B000A71391E08927888319821A82CE01DF91AF
:1035C000CF910895AF92BF92CF92DF92EF92FF9288
:1035D0000F931F93CF93DF93CDB7DEB765970FB6E9
:1035E000F894DEBF0FBECDBF8C0108960E94A713D2
:1035F000882331F0F8018589811102C081E0848B34
:10360000C8010B960E94A713882329F0F801858929
:10361000811101C0148A7801FEE0EF0EF11CB8019F
:103620006E5F7F4FA701CE0140960E9497156801FB
:1036300085E0C80ED11CB601CE0107960E94DA15AE
:10364000BE01695F7F4FCE010A960E94D31A5801CE
:10365000E4E1AE0EB11CB501CE0101960E94DA156F
:10366000BE016F5F7F4FCE0104960E94D31AAE0158
:10367000465F5F4FBE016C5F7F4FCE010D960E948B
:10368000B015AE01405F5F4FBE01635F7F4FCE015B
:1036900043960E94B015BE016D5E7F4FC7010E9428
:1036A000E615B701CE0107960E94DA15BE01695FE3
:1036B0007F4FCE010A960E94D31AB501CE01019622
:1036C0000E94DA15BE016F5F7F4FCE0104960E9403
:1036D000D31AAE01465F5F4FBE016C5F7F4FCE01D4
:1036E0000D960E94B015A601BE01635F7F4FCE010B
:1036F00040960E94B015BE01605F7F4FC8014196A1
:103700000E94E61565960FB6F894DEBF0FBECDBFDA
:10371000DF91CF911F910F91FF90EF90DF90CF90AD
:10372000BF90AF900895AF92BF92CF92DF92EF9289
:10373000FF920F931F93CF93DF93CDB7DEB76597BB
:103740000FB6F894DEBF0FBECDBF8C010B960E9462
:10375000A713882331F0F8018289811102C081E02A
:10376000818BC80108960E94A713882329F0F801CD
:103770008289811101C0118A5801FEE0AF0EB11C8F
:10378000A8014E5F5F4FB501CE0140960E9497158C
:10379000780185E0E80EF11CB701CE0107960E9482
:1037A000DA15BE01695F7F4FCE010A960E94D31AD7
:1037B0006801E1E1CE0ED11CB601CE0101960E9456
:1037C000DA15BE016F5F7F4FCE0104960E94D31AB7
:1037D000AE01465F5F4FBE016C5F7F4FCE010D961D
:1037E0000E94B015AE01405F5F4FBE01635F7F4F27
:1037F000CE0143960E94B015BE016D5E7F4FC5019C
:103800000E94E615B601CE0107960E94DA15BE01A8
:10381000695F7F4FCE010A960E94D31AB701CE018D
:1038200001960E94DA15BE016F5F7F4FCE010496AC
:103830000E94D31AAE01465F5F4FBE016C5F7F4F9F
:10384000CE010D960E94B015BE01635F7F4FC80187
:1038500044960E94E61565960FB6F894DEBF0FBE3B
:10386000CDBFDF91CF911F910F91FF90EF90DF902F
:10387000CF90BF90AF900895AF92BF92CF92DF925A
:10388000EF92FF920F931F93CF93DF93CDB7DEB7E5
:1038900065970FB6F894DEBF0FBECDBF8C010B96B7
:1038A0000E94A713882331F0F8018289811102C098
:1038B00081E0818BC80108960E94A713882329F014
:1038C000F8018289811101C0118A5801FEE0AF0E12
:1038D000B11CA8014E5F5F4FB501CE0140960E941A
:1038E0009715780185E0E80EF11CB701CE01079627
:1038F0000E94DA15BE01695F7F4FCE010A960E94D1
:10390000D31A6801E1E1CE0ED11CB601CE010196B9
:103910000E94DA15BE016F5F7F4FCE0104960E94B0
:10392000D31AAE01465F5F4FBE016C5F7F4FCE0181
:103930000D960E94B015AE01405F5F4FBE01635F00
:103940007F4FCE0143960E94B015BE016D5E7F4F42
:10395000C5010E94E615B601CE0107960E94DA1550
:10396000BE01695F7F4FCE010A960E94D31AB7014C
:10397000CE0101960E94DA15BE016F5F7F4FCE0126
:1039800004960E94D31AAE01465F5F4FBE016C5F82
:103990007F4FCE010D960E94B015BE01635F7F4F31
:1039A000C80144960E94E61565960FB6F894DEBFEE
:1039B0000FBECDBFDF91CF911F910F91FF90EF9080
:1039C000DF90CF90BF90AF9008952F923F924F928B
:1039D0005F926F927F928F929F92AF92BF92CF929F
:1039E000DF92EF92FF920F931F93CF93DF9300D05C
:1039F00000D000D0CDB7DEB78C017C0123E4E21A01
:103A00002EEFF20AF701C080D180C6010E94A713F1
:103A1000B82EF801EF53FE4F808191810E94A713C9
:103A2000F8019581911102C08B218483F801ED5337
:103A3000FE4F808191810E94A713B82EC6010E947B
:103A4000A713F8019085911104C091E089278B2973
:103A500087836801F1E4CF1AFEEFDF0AF601808167
:103A600091810E94A713F8019385911101C082876B
:103A7000B8016E5E7E4FC8010D960E94E615C80122
:103A800002960E943C1CF801828D811102C081E0E7
:103A9000818FB801605F7F4FC8018B5E9E4F0E948F
:103AA000E615F801E153FE4FA080B180B8016D5ECC
:103AB0007F4FCE0101960E94DA15BE016F5F7F4FE6
:103AC000C5010E94C113B8016A5E7F4FC801885EBC
:103AD0009E4F0E94E615F701808191810E94A713F5
:103AE0009801255E3E4F3D832C83A901682FCE01AE
:103AF00001960E94C915BE016F5F7F4FC8014E96A7
:103B00000E94E615F701808191810E94A713B82ECB
:103B1000C801825E9E4F0E94A71391E0B926B82A81
:103B2000B9821A821B82BE016F5F7F4FC8018196E6
:103B30000E94E615F601808191810E94A713F80189
:103B400095A1911101C084A3B8016C5D7E4FC8019D
:103B500087960E94E615C8014C960E943C1CF8010D
:103B600084A9811102C081E083ABB801665D7F4FFB
:103B7000C801895D9E4F0E94E615F801EF52FE4F85
:103B8000A080B180B801635D7F4FCE0101960E9495
:103B9000DA15BE016F5F7F4FC5010E94C113B801E6
:103BA000605D7F4FC801865D9E4F0E94E615F7015C
:103BB000808191810E94A7139801235D3E4F3F832E
:103BC0002E83A901682FCE0101960E94C915BE015E
:103BD0006F5F7F4FC801C8960E94E615F70180818C
:103BE00091810E94A713B82EC801805D9E4F0E944C
:103BF000A71391E0B926B82AB9821A821B82BE01A6
:103C00006F5F7F4FC801CB960E94E615F601808159
:103C100091810E94A713F80197AD911101C086AF61
:103C2000B8016A5C7E4FC8018F5B9F4F0E94E6150A
:103C3000C801C6960E943C1CF801E35BFF4F8181DE
:103C4000811102C081E08083B8016C5B7F4FC801A5
:103C5000875C9E4F0E94E615F801ED52FE4FA08052
:103C6000B180B801695B7F4FCE0101960E94DA15E1
:103C7000BE016F5F7F4FC5010E94C113B801665B33
:103C80007F4FC801845C9E4F0E94E615F70180813A
:103C900091810E94A7133801F1EC6F1AFEEF7F0AA1
:103CA000A301682FCE0101960E94C915BE016F5F66
:103CB0007F4FC8018E5A9F4F0E94E615F701808101
:103CC00091810E94A713B82EC8018E5B9E4F0E945F
:103CD000A71391E0B926B82AB9821A821B82BE01C5
:103CE0006F5F7F4FC8018B5A9F4F0E94E615F60108
:103CF000808191810E94A713F801E85AFF4F9181BA
:103D0000911101C08083B801685B7E4FC801855A5C
:103D10009F4F0E94E615C801805B9F4F0E94931B36
:103D2000F801E659FF4F8181811102C081E0808353
:103D3000B801625A7F4FC801855B9E4F0E94E6150D
:103D4000F801EB52FE4FA080B180B8016F597F4F50
:103D5000CE0101960E94DA15BE016F5F7F4FC5014B
:103D60000E94C113B8016C597F4FC801825B9E4FFE
:103D70000E94E615F701808191810E94A713180126
:103D8000FFEA2F1AFEEF3F0AA101682FCE0101962C
:103D90000E94C915BE016F5F7F4FC80181599F4FB7
:103DA0000E94E615F701808191810E94A713B82E29
:103DB000C8018C5A9E4F0E94A71391E0B926B82AD9
:103DC000B9821A821B82BE016F5F7F4FC8018E5875
:103DD0009F4F0E94E615F601808191810E94A713F2
:103DE000F801EB58FF4F9181911101C08083B80118
:103DF000665A7E4FC80188589F4F0E94E615C80139
:103E000083599F4F0E94931BF801E957FF4F81810F
:103E1000811102C081E08083B80165587F4FC801DD
:103E2000835A9E4F0E94E615F801E952FE4FA0808A
:103E3000B180B80162587F4FCE0101960E94DA1519
:103E4000BE016F5F7F4FC5010E94C113B8016F575C
:103E50007F4FC801805A9E4F0E94E615F70180816E
:103E600091810E94A71398012D593E4F39872887C9
:103E7000A901682FCE0101960E94C915BE016F5F8E
:103E80007F4FC80184579F4F0E94E615F70180813C
:103E900091810E94A713B82EC8018A599E4F0E9493
:103EA000A71391E0B926B82AB9821A821B82BE01F3
:103EB0006F5F7F4FC80181579F4F0E94E615F60143
:103EC000808191810E94A713F801EE56FF4F9181E6
:103ED000911101C08083B80164597E4FC8018B568F
:103EE0009F4F0E94E615C80186579F4F0E94931B63
:103EF000F801EC55FF4F8181811102C081E0808380
:103F0000B80168567F4FC80181599E4F0E94E6153F
:103F1000F801E752FE4FA080B180B80165567F4F8F
:103F2000CE0101960E94DA15BE016F5F7F4FC50179
:103F30000E94C113B80162567F4FC8018E589E4F30
:103F40000E94E615F701808191810E94A713A801C4
:103F50004B585E4F682FCE0101960E94C915BE01D5
:103F60006F5F7F4FC80187559F4F0E94E615F7018D
:103F7000808191810E94A713B82EC80188589E4F56
:103F80000E94A713AA24A394BA24B82AB9821A8239
:103F90001B82BE016F5F7F4FC80184559F4F0E94F7
:103FA000E615B80165587E4FC80181559F4F0E94A4
:103FB000E615B80162587E4FC8018E549F4F0E948B
:103FC000E615C80189559F4F0E94E21AF801E25494
:103FD000FF4F8181811101C0A082B8016B547F4FD6
:103FE000C8018F579E4F0E94E615B80168547F4F55
:103FF000C8018C579E4F0E94E615F801E552FE4F0E
:10400000A080B180B80165547F4FCE0101960E9417
:10401000DA15BE016F5F7F4FC5010E94C113F70122
:10402000808191810E94A7135801F9E7AF1AFEEF32
:10403000BF0AA501682FCE0101960E94C915BE01D5
:104040006F5F7F4FC8018D539F4F0E94E615F701A8
:10405000808191810E94A713982EC80186579E4F98
:104060000E94A71391E09926982A99821A821B82AE
:10407000BE016F5F7F4FC8018A539F4F0E94E615B4
:10408000B80163577E4FC80187539F4F0E94E615C2
:10409000F601808191810E94A713F801E453FF4F3C
:1040A0009181911101C08083C8018F539F4F0E945D
:1040B000E21AF801E852FF4F8181811102C081E0CC
:1040C0008083B80161537F4FC8018D569E4F0E9477
:1040D000E615B8016E527F4FC8018A569E4F0E9466
:1040E000E615F801E352FE4F80809180B8016B52D3
:1040F0007F4FCE0101960E94DA15BE016F5F7F4FA0
:10410000C4010E94C113F701808191810E94A7130D
:104110002801F7E64F1AFEEF5F0AA201682FCE01D1
:1041200001960E94C915BE016F5F7F4FC80183527F
:104130009F4F0E94E615F701808191810E94A7138D
:10414000982EC80184569E4F0E94A71391E099268D
:10415000982A99821A821B82BE016F5F7F4FC80125
:1041600080529F4F0E94E615B80161567E4FC801EC
:104170008D519F4F0E94E615F601808191810E942A
:10418000A713F801EA51FF4F9181911101C080837B
:10419000C80185529F4F0E94E21AF801EE50FF4F6E
:1041A0008181811102C081E08083B80167517F4F16
:1041B000C8018B559E4F0E94E615B80164517F4F90
:1041C000C80188559E4F0E94E615F801E152FE4F46
:1041D00080809180B80161517F4FCE0101960E948D
:1041E000DA15BE016F5F7F4FC4010E94C113F70152
:1041F000808191810E94A7134801F5E58F1AFEEF97
:104200009F0AA401682FCE0101960E94C915BE0124
:104210006F5F7F4FC80189509F4F0E94E615F701DD
:10422000808191810E94A713F82EC80182559E4F6C
:104230000E94A71391E0F926F82AF9821A821B82BC
:10424000BE016F5F7F4FC80186509F4F0E94E615E9
:10425000B8016F547E4FC80183509F4F0E94E615EE
:10426000F601808191810E94A713F801F395918155
:10427000911101C08083C8018B509F4F0E94E21AA8
:10428000F801E45FFE4F8181811102C081E08083EB
:10429000B8016D5F7E4FC80189549E4F0E94E6159C
:1042A000B8016A5F7E4FC80186549E4F0E94E61592
:1042B000F801EF51FE4FE080F180B801675F7E4F5B
:1042C000CE0101960E94DA15BE016F5F7F4FC701D4
:1042D0000E94C113F801EB53FE4FE080F180C7014B
:1042E0000E94A713F5019181911101C08083C7013C
:1042F0000E94A713F3019181911101C08083F801FD
:10430000E953FE4FE080F180C7010E94A713F2013C
:104310009181911101C08083C7010E94A713F1010F
:104320009181911101C08083F801E353FE4F808198
:1043300091810E94A713EC81FD819181911101C0AF
:104340008083F801E753FE4FE080F180C7010E94AF
:10435000A713F4019181911101C08083C7010E94CC
:10436000A713E885F9859181911101C08083F80137
:10437000E553FE4F808191810E94A713EE81FF815A
:104380009181911101C0808329960FB6F894DEBF08
:104390000FBECDBFDF91CF911F910F91FF90EF9096
:1043A000DF90CF90BF90AF909F908F907F906F9055
:1043B0005F904F903F902F9008952F923F924F9291
:1043C0005F926F927F928F929F92AF92BF92CF92A5
:1043D000DF92EF92FF920F931F93CF93DF93CDB7AE
:1043E000DEB7A7970FB6F894DEBF0FBECDBF4C0166
:1043F000809156088983809157088A838091580854
:104400008B83809159088C8380915A088D83809189
:104410005B088E8380915C088F8380915D0888871C
:1044200019861A861B861C861D861E861F86188A7C
:10443000198A340110E3610E711CBE016F5F7F4F5A
:10444000C3010E944D07C40102969C8F8B8FD4013B
:104450009D96BEA3ADA3BD01CE0101960E94DA15C3
:10446000BE016F5F7F4FCE0142960E94D31AF401C6
:1044700083A5882379F184A561E0811160E0AE0114
:104480004E5E5F4FCE0145960E94C9154B8D5C8DE7
:10449000BE016B5E7F4FCE0148960E94B015CE01E3
:1044A00048960E94A7138823B9F0F40183A58111CF
:1044B00002C081E082A7D40157968C915797811151
:1044C00002C056961C92B301C4018F5B9F4F0E949D
:1044D0004D0741C082A5D0CF6B8D7C8DCE0101965A
:1044E0000E94DA15BE016F5F7F4FCE0142960E9497
:1044F000D31ACE0142960E94A713F401F3A5FCA3A0
:10450000882309F447C0D40191968C919197811129
:1045100017C059961C9259975A961C925A975B96B7
:104520001C925B975C961C925C975D961C925D97C3
:104530005E961C925E975F961C925F9790961C9277
:10454000F4018789811101C0168AFCA1F11103C011
:10455000D4019A961C926B8D7C8D8DA19EA10E9498
:10456000E615A7960FB6F894DEBF0FBECDBFDF915C
:10457000CF911F910F91FF90EF90DF90CF90BF9060
:10458000AF909F908F907F906F905F904F903F90F3
:104590002F900895BCA1BB2309F463C0F40184A546
:1045A0008130C9F6F401EF5BFF4F8085882309F461
:1045B0005CC02184B285BD8FA385AE8FB485BF8FCB
:1045C000A585A8A3B685B9A3A785AAA3B089BBA3CF
:1045D000F4018585882309F458C0268537854089EC
:1045E00051896289738984899589A22CBD8CCE8C6E
:1045F000DF8CE8A0F9A00AA11BA10E94DE4ED40125
:10460000D896EC91D897EE2309F448C0D9963C90FF
:10461000F401F9964180528063807480B581A6814F
:1046200017811FA3A32CB42CC52CD62CE72CFB2E52
:104630000A2F0E94FC4E11F00CF043C0ACA1A11156
:1046400004C082E0D4019A968C93F4018789811189
:1046500002C081E0868BB4016B5F7F4FC401499635
:1046600036CFD4019A968C919BCF2080A181AD8FBB
:10467000B281BE8FA381AF8FB481B8A3A581A9A356
:10468000B681BAA3A781ABA3A3CF25813681478189
:1046900050856185728583859485A7CFF40130A804
:1046A00041A852A863A874A8B5A9A6A9F7A9FFA311
:1046B000A32CB42CC52CD62CE72CFB2E0A2F1F2F95
:1046C000B8CF232D342D452D562D672D7B2F8A2FC6
:1046D0009FA1A22CBD8CCE8CDF8CE8A0F9A00AA1F2
:1046E0001BA10E94F34E29833A834B835C836D8325
:1046F0007E838F83988719861A861B861C861D8663
:104700001E861F86188A198ABE016F5F7F4FC401FB
:1047100049960E944D071FCF5F926F927F928F92B2
:104720009F92AF92BF92CF92DF92EF92FF920F9340
:104730001F93CF93DF93CDB7DEB762970FB6F89490
:10474000DEBF0FBECDBF8C01FC01E259FF4FC08020
:10475000D1807C0122E0E20EF11CB701CE0104966B
:104760000E94DA15BE016C5F7F4FCE0107960E9452
:10477000D31AB8016B5F7F4FAE01495F5F4FCE0127
:104780000A960E94B015F801EC58FF4F8081918184
:104790000E94A713A701682FCE0101960E94C91598
:1047A000AE01465F5F4FBE016F5F7F4FCE010D963A
:1047B0000E94971578013CE6E30EF11CF701808119
:1047C00091810E94A713AE01435F5F4F682FCE0116
:1047D00040960E94C915BE01605F7F4FC6010E94CE
:1047E000C113F801E059FF4FA080B180F70180812B
:1047F00091810E94A713E82E6801FBE0CF0ED11C27
:10480000A801485F5F4FB601CE0101960E9497153F
:10481000CE0101960E94A71355245394E524E82A5B
:10482000EC821D821E82BE016C5F7F4FC5010E941B
:10483000C113380129E6620E711CC3010E94A7133F
:10484000F82E480136E6830E911C58018EE0A80E22
:10485000B11CA401B501CE0101960E94B015CE0194
:1048600001960E94A713F524F822FC821D821E8265
:10487000BE016C5F7F4FC80143960E94E615F801A8
:10488000868D811109C085E0868B178A108E118E66
:10489000128E138E148E158EB301CE0101960E94D6
:1048A000DA15BE016F5F7F4FCE0104960E94D31AC6
:1048B000A401BE016C5F7F4FCE0107960E94B01528
:1048C000A501BE01695F7F4FCE010A960E94B01517
:1048D000CE010A960E94A71398012D593F4F7901E6
:1048E000882309F446C0C80141960E94DD21F701E2
:1048F0008181811102C081E08083C7010E94A713DA
:104900007801F7E2EF0EF11C882321F0B701C60110
:104910000E94E615C7010E94A713882331F0F80111
:104920008485811102C081E08387F801EE58FF4F32
:10493000808191810E94A713882329F0F801848542
:10494000811101C0138662960FB6F894DEBF0FBEC8
:10495000CDBFDF91CF911F910F91FF90EF90DF902E
:10496000CF90BF90AF909F908F907F906F905F900F
:104970000895F90181818111C0CF1082BECF2F929D
:104980003F924F925F926F927F928F929F92AF92DF
:10499000BF92CF92DF92EF92FF920F931F93CF932C
:1049A000DF93CDB7DEB7AC970FB6F894DEBF0FBE7E
:1049B000CDBF8C015C0128E0A20EB11CC5010E9494
:1049C000A713F801E351FF4F9181882309F4CAC767
:1049D000D801A051BF4F12968C911297811102C03D
:1049E0001D921C92911102C081E08083CF010E9430
:1049F000A713D801A956BE4F7D01882379F0CD9029
:104A0000DC90B80160517F4FCE0101960E940109F0
:104A1000BE016F5F7F4FC6010E94F3082801BDE70A
:104A20004B1ABEEF5B0AF201808191810E94A713AD
:104A3000D82EC80102960E94A7138D2189831A825D
:104A40001B82CE0101960E94A71398012B503F4F65
:104A50006901882309F48AC781E090E09C8F8B8FDD
:104A60001D8E1F8E1E8E1B8A1A8A1C8A1E8A1D8A04
:104A7000D7018D919C910E94AC089A8389831D82F5
:104A80001C829E01255E3F4FAE014E5E5F4FBE0110
:104A90006F5F7F4FCE0184960E94C508BE016C5D9A
:104AA0007F4FC80188509F4F0E94B608F601818150
:104AB000811102C081E08083C6010E94A713882370
:104AC00081F0F70180809180B80168507F4FCE015E
:104AD00001960E940109BE016F5F7F4FC4010E94D1
:104AE000F308B6016801F1EECF0ED11CC6010E9499
:104AF000E61538012FED620E711C430138E0830E7C
:104B0000911CC4010E94A713282EC6010E94A7135E
:104B1000332433942324282229821A821B8285E09D
:104B2000680E711CBE016F5F7F4FC3010E94E615C6
:104B3000B601C4010E94E615F801E651FF4F8181DC
:104B4000811101C03082C3010E94A713D801A7566A
:104B5000BE4F3D01F801E350FF4F6F01882309F478
:104B60000DC781E090E09B8B8A8B1C8A1E8A1D8A70
:104B70006D917C91CE0101960E940109CE010196B2
:104B80000E94AC084C01CE0142960E94AC08880DF0
:104B9000991D9C8F8B8F1D8E1F8E1E8EBE01655E94
:104BA0007F4FC80193950E94B608D60111968C914B
:104BB0001197811102C081E08C93C6010E94A71356
:104BC000882371F0B8017395CE0101960E94010906
:104BD000BE016F5F7F4FD3018D919C910E94B608FB
:104BE00081E090E09A8389831B821D821C82F701F9
:104BF000808191810E94AC086C01CE0101960E94D7
:104C0000AC0821E0C816D90609F020E02A8B1B8ADF
:104C10001C8A6801F8EFCF1AFEEFDF0ABE016E5E54
:104C20007F4FC6010E94E615C8018B5F9E4FDC01D5
:104C300011962C911197211102C021E02C930E9412
:104C4000A7134801BBE08B0E911C882321F0B6010D
:104C5000C4010E94E615F801E357FE4F60807180A1
:104C60006801EEE0CE0ED11CB601CE0101960E9485
:104C7000DA15BE016F5F7F4FCE0142960E94D31AB4
:104C8000A401BE016E5E7F4FCE014B960E94B0150F
:104C9000BE01655E7F4FC3010E94C113F801E75654
:104CA000FE4F608171816B5F7F4FCE0101960E9444
:104CB0009A08F801E557FE4F808191810E94940780
:104CC0003B014C01CE0101960E9494079B01AC016F
:104CD00033243394C401B3010E949E4D87FD312CCF
:104CE0003A8A1B8A1C8A4801F2EF8F1AFEEF9F0A4C
:104CF000BE016E5E7F4FC4010E94E615C801855F4C
:104D00009E4FDC0111962C911197211102C021E0D8
:104D10002C930E94A713882321F0B401C6010E949E
:104D2000E615F201808191810E94A713982EC60199
:104D30000E94A713892189831A821B82CE010196C2
:104D40000E94A71398012F5E3E4F6901882309F442
:104D50001AC6D7018D919C9122E030E03C8F2B8FB9
:104D60001D8E1F8E1E8E21E030E03B8B2A8B1C8A0D
:104D70001E8A1D8A0E94AC089A8389831D821C8228
:104D80009E01255E3F4FAE014E5E5F4FBE016F5FDD
:104D90007F4FCE0184960E94C508BE016C5D7F4F97
:104DA000C8018C5E9E4F0E94B608F6018181811178
:104DB00002C081E08083C6010E94A713882381F08E
:104DC000F701C080D180B8016C5E7E4FCE010196A4
:104DD0000E940109BE016F5F7F4FC6010E94F30868
:104DE00082E090E09A8389831B821D821C82D70116
:104DF0008D919C910E94AC086C01CE0101960E949D
:104E0000AC0821E0C816D90609F020E02A8B1B8ADD
:104E10001C8A6801B4EECB1ABEEFDB0ABE016E5EDF
:104E20007F4FC6010E94E615C801875E9E4FFC01B8
:104E30002181211102C021E020830E94A713480193
:104E4000F1E18F0E911C882321F0B601C4010E946C
:104E5000E615F801E157FE4F60807180680124E19A
:104E6000C20ED11CB601CE0101960E94DA15BE0118
:104E70006F5F7F4FCE0142960E94D31AA401BE01FC
:104E80006E5E7F4FCE014B960E94B015BE01655EEF
:104E90007F4FC3010E94C113480137E6831A3EEFDA
:104EA000930AD4016D917C91625F7F4FCE0142964F
:104EB0000E949A08F401608171816B5F7F4FCE017F
:104EC00001960E949A08CE0101960E9494073B0128
:104ED0004C01CE0142960E9494079B01AC01C40193
:104EE000B3010E94464C6B8F7C8F8D8F9E8F1F8EDF
:104EF00018A219A21AA21BA2F801E557FE4F808141
:104F000091810E9494073B014C01CE014B960E9477
:104F100094079B01AC0133243394C401B3010E9474
:104F20009E4D87FD312C3CA21DA21EA24801FEED24
:104F30008F1AFEEF9F0ABE016C5D7F4FC4010E9475
:104F4000E615C801815E9E4FDC0111962C911197E8
:104F5000211102C021E02C930E94A713882321F085
:104F6000B401C6010E94E615F201808191810E9480
:104F7000A713982EC6010E94A713892189831A823C
:104F80001B82CE0101960E94A71398012B5D3E4F14
:104F90006901882309F4FFC4D7018D919C9123E016
:104FA00030E03C8F2B8F1D8E1F8E1E8E22E030E056
:104FB0003B8B2A8B1C8A1E8A1D8A0E94AC089A830E
:104FC00089831D821C829E01255E3F4FAE014E5E8D
:104FD0005F4FBE016F5F7F4FCE0184960E94C50870
:104FE000BE016C5D7F4FC801885D9E4F0E94B60870
:104FF000F6018181811102C081E08083C6010E9497
:10500000A713882381F0F701C080D180B801685DC3
:105010007E4FCE0101960E940109BE016F5F7F4F56
:10502000C6010E94F30883E090E09A8389831B8283
:105030001D821C82D7018D919C910E94AC086C014D
:10504000CE0101960E94AC0821E0C816D90609F0ED
:1050500020E02A8B1B8A1C8A6801B0EDCB1ABEEFB8
:10506000DB0ABE016E5E7F4FC6010E94E615C801D5
:10507000835D9E4FFC012181211102C021E020832C
:105080000E94A7134801F0E28F0E911C882321F0A3
:10509000B601C4010E94E61598012B563E4F3AA76F
:1050A00029A7D9016D907C906801B3E2CB0ED11C89
:1050B000B601CE0101960E94DA15BE016F5F7F4FE7
:1050C000CE0142960E94D31AA401BE016E5E7F4FAC
:1050D000CE014B960E94B015BE01655E7F4FC301A5
:1050E0000E94C113B401C80188960E94E6151801F8
:1050F000E7E62E1AEEEF3E0AD101ED91FC9181A96F
:10510000882309F450C472A963A954A945A936A9F2
:1051100027A990AD81AD79836A835B834C833D83FE
:105120002E839F83888719861A861B861C861D8678
:105130001E861F86188A198ABE016F5F7F4FC801BD
:105140008B960E944D07C80186960E94DD21F801CA
:10515000E858FF4F8181811102C081E08083B8014E
:10516000645C7F4FC6010E94E615F2018081918147
:105170000E94A713982EC6010E94A7138921898334
:105180001A821B82CE0101960E94A71398012D5C02
:105190003E4F6901882309F40FC484E090E09C8F9E
:1051A0008B8F1D8E1F8E1E8E83E090E09B8B8A8BD3
:1051B0001C8A1E8A1D8AD7018D919C910E94AC0881
:1051C0009A8389831D821C829E01255E3F4FAE011A
:1051D0004E5E5F4FBE016F5F7F4FCE0184960E948F
:1051E000C508BE016C5D7F4FC8018A5C9E4F0E945E
:1051F000B608F6018181811102C081E08083C60179
:105200000E94A713882381F0F701C080D180B801E4
:105210006A5C7E4FCE0101960E940109BE016F5F5C
:105220007F4FC6010E94F30884E090E09A8389834F
:105230001B821D821C82D7018D919C910E94AC081B
:105240007C01CE0101960E94AC0821E0E816F90627
:1052500009F020E02A8B1B8A1C8A7801B2ECEB1A39
:10526000BEEFFB0ABE016E5E7F4FC7010E94E615CE
:10527000C801855C9E4FFC012181211102C021E003
:1052800020830E94A7136801FBE7CF0ED11C88235F
:1052900021F0B701C6010E94E61598012F563E4F36
:1052A0003CA72BA7D9018D909C907801BEE7EB0E0F
:1052B000F11CB701CE0101960E94DA15BE016F5FA5
:1052C0007F4FCE0142960E94D31AA601BE016E5EA8
:1052D0007F4FCE014B960E94B015BE01655E7F4F99
:1052E000C4010E94C11319821A821B821C821D8272
:1052F0001E821F8218861986F801E557FE4F8081AD
:1053000091810E9494072B013C01CE0101960E94DD
:1053100094079B01AC01DD24D394C301B2010E9428
:10532000B24C18160CF4D12CDA8A1B8A1C8A68013C
:10533000ECEBCE1AEEEFDE0ABE016E5E7F4FC601C9
:105340000E94E615C8018F5B9E4FDC0111962C91DF
:105350001197211102C021E02C930E94A7138823EA
:1053600021F0B601C7010E94E6153801BDE76B1AAE
:10537000BEEF7B0AF301808191810E94A713A701F0
:10538000682FCE0101960E94C915CE0101960E9498
:10539000A713980129563E4F7901882309F414C3B5
:1053A00085E090E09C8F8B8F1D8E1F8E1E8E84E07B
:1053B00090E09B8B8A8B1C8A1E8A1D8AD9018D9155
:1053C0009C910E94AC089A8389831B821D821C8257
:1053D0009E01255E3F4FAE014E5E5F4FBE016F5F87
:1053E0007F4FCE0184960E94C508BE016C5D7F4F41
:1053F000C801865B9E4F0E94B608F801E95BFE4F2C
:105400008181811102C081E08083C801895B9E4F48
:105410000E94A713882381F0F701C080D180B801D2
:10542000665B7E4FCE0101960E940109BE016F5F4F
:105430007F4FC6010E94F30885E090E09A8389833C
:105440001B821D821C82D7018D919C910E94AC0809
:105450006C01CE0101960E94AC0821E0C816D90665
:1054600009F020E02A8B1B8A1C8A6801BEEACB1A4D
:10547000BEEFDB0ABE016E5E7F4FC6010E94E615DD
:10548000C801815B9E4FFC012181211102C021E0F6
:1054900020830E94A7134801F1E88F0E911C8823F6
:1054A00021F0B601C4010E94E61528012DE6421A3A
:1054B0002EEF520AD201CD90DC90B401CE010196BC
:1054C0000E94DA15BE016F5F7F4FC6010E94C113B3
:1054D0006801B4E8CB0ED11CB601CE0101960E9442
:1054E000DA15BE016F5F7F4FCE0142960E94D31A3C
:1054F000A401BE016E5E7F4FCE014B960E94B01597
:10550000BE01655E7F4FC80187579F4F0E94E61519
:10551000F101A081B181FD01EE5BFF4F80813897E1
:10552000882309F459C27185628553854485358580
:1055300026859785808979836A835B834C833D8345
:105540002E839F83888719861A861B861C861D8654
:105550001E861F86188A198ABE016F5F7F4FC80199
:1055600084579F4F0E944D07C80189579F4F0E9443
:10557000DD21F801E752FF4F8181811102C081E0F6
:105580008083B80163567F4FC6010E94E615D301A0
:105590008D919C910E94A713A601682FCE010196C0
:1055A0000E94C915CE0101960E94A713882309F411
:1055B0001DC286E090E09C8F8B8F1D8E1F8E1E8EED
:1055C00085E090E09B8B8A8B1C8A1E8A1D8AF701DE
:1055D000808191810E94AC089A8389831B821D82FD
:1055E0001C829E01255E3F4FAE014E5E5F4FBE01A5
:1055F0006F5F7F4FCE0184960E94C508BE016C5D2F
:105600007F4FC801885A9E4F0E94B608F801EB5A96
:10561000FE4F8181811102C081E08083C8018B5AD5
:105620009E4F0E94A713882381F0D701CD90DC9074
:10563000B801685A7E4FCE0101960E940109BE0151
:105640006F5F7F4FC6010E94F30886E090E09A8367
:1056500089831B821D821C82F701808191810E94B7
:10566000AC086C01CE0101960E94AC0821E0C8167E
:10567000D90609F020E02A8B1B8A1C8A4801F0EA2F
:105680008F1AFEEF9F0ABE016E5E7F4FC4010E941B
:10569000E615C801835A9E4FDC0111962C91119793
:1056A000211102C021E02C930E94A7136801BCEDD8
:1056B000CB0ED11C882321F0B401C6010E94E6154F
:1056C000F301808191810E94A713A501682FCE016B
:1056D00001960E94C915CE0101960E94A713882346
:1056E00009F48CC11C8E1B8E1D8E1F8E1E8E86E0B3
:1056F00090E09B8B8A8B1C8A1E8A1D8AD7018D9114
:105700009C910E94AC089A8389831B821D821C8213
:105710009E01255E3F4FAE014E5E5F4FBE016F5F43
:105720007F4FCE0184960E94C508BE016C5D7F4FFD
:10573000C8018A599E4F0E94B608F801ED59FE4FE4
:105740008181811102C081E08083C8018D599E4F03
:105750000E94A713882381F0F70180809180B8010F
:105760006A597E4FCE0101960E940109BE016F5F0A
:105770007F4FC4010E94F308C6010E94A71388232B
:1057800051F0F801E357FE4F0190F081E02D818147
:10579000811101C01082C6010E94A713882351F015
:1057A000F801E157FE4F0190F081E02D81818111D8
:1057B00001C01082C6010E94A713882341F0A9A549
:1057C000BAA5ED91FC918181811101C01082C601C1
:1057D0000E94A713882341F0ABA5BCA5ED91FC91D5
:1057E0008181811101C01082C6010E94A713882304
:1057F00039F0D201ED91FC918181811101C01082BB
:10580000F301808191810E94A713F801E559FE4FB1
:1058100091818111FBC0D801A259BE4F12968C9183
:105820001297811104C027E030E02D933C93911131
:1058300002C081E08083CF010E94A713882381F0FA
:10584000D701CD90DC90B80162597E4FCE01019610
:105850000E940109BE016F5F7F4FC6010E94F308DD
:10586000F301808191810E94A713D82EC5010E9467
:10587000A7138D2189831A821B82CE0101960E9473
:10588000A713F801ED58FE4F9181882309F4C2C097
:10589000D801AA58BE4F12968C911297811102C05E
:1058A0001D921C92911102C081E08083CF010E9461
:1058B000A713882381F0D701CD90DC90B8016A58F6
:1058C0007E4FCE0101960E940109BE016F5F7F4F9E
:1058D000C6010E94F308C80105960E94A713F801AB
:1058E000E558FE4F9181882309F498C0D801A25849
:1058F000BE4F12968C911297811102C01D921C927C
:10590000911102C081E08083CF010E94A7138823F8
:1059100081F0F701E080F180B80162587E4FCE013E
:1059200001960E940109BE016F5F7F4FC7010E946F
:10593000F308AC960FB6F894DEBF0FBECDBFDF9173
:10594000CF911F910F91FF90EF90DF90CF90BF907C
:10595000AF909F908F907F906F905F904F903F900F
:105960002F900895911142C8108240C8D901119614
:105970008C9111978111A0C81C929EC881818111C0
:105980001CC910821AC9D90111968C9111978111E5
:1059900012CA1C9210CAD90111968C9111978111CB
:1059A0002DCB1C922BCB71A562A553A544A535A583
:1059B00026A597A580A9AFCBD90111968C911197F7
:1059C00081111DCC1C921BCCF801E95BFE4F81813B
:1059D00081111BCD108219CDDA967C9161815281A3
:1059E00043813481258196818781A5CDF801EB5AC9
:1059F000FE4F8181811112CE108210CEF801ED5937
:105A0000FE4F81818111A1CE10829FCE911113CFC3
:105A1000108211CF91114ACF108248CF911174CFCB
:105A2000108272CFCF93DF93EB010E94A71388837C
:105A3000DF91CF91089590E080E0FC01EE0FFF1F11
:105A4000ED52F84F0190F081E02D309709F010826F
:105A500001968833910589F7E3E9F7E083ED97E054
:105A6000A191B191109711F01D921C928E179F0772
:105A7000B9F7EEECF4E08EE095E0A191B1911097CA
:105A800029F01D921D921D921C9213978E179F074D
:105A9000A1F708950F931F93863038F060E070E00F
:105AA00080E090E01F910F9108950CEE17E020E048
:105AB000332790E0880F991FB0E0A0E0080F191F6E
:105AC0002A1F3B1F2BBFF801079116916017710722
:105AD000D0F400EE17E020E03327800F911FA21FC3
:105AE000B31FABBFFC0187919691660F771F660FBE
:105AF000771F680F791FFB0125913491FB013296C6
:105B00008491B901CECF80E060E070E0CACF0E94FE
:105B10004A2D672B59F0853148F499E0899FF001AF
:105B20001124EF5EFB4F808590E0089590E080E0C7
:105B300008950F931F93CF938A010E944A2DE82F57
:105B4000CB010097B1F0E531A0F429E0E29FF0012C
:105B50001124EF5EFB4FC085CC2359F00480F58102
:105B6000E02DB80119958C2F90E0CF911F910F91E6
:105B7000089590E080E0F9CF9E5FFC0110820895C7
:105B8000EF92FF920F931F93CF93DF93CDB7DEB7C2
:105B9000CC5FD2400FB6F894DEBF0FBECDBFFB0185
:105BA00030813F3708F03EE7FB01BE016F5F7D4F5C
:105BB000DB0120E0231751F0428151814527542712
:105BC00045274D935D932F5F3296F4CF30E0DE0191
:105BD000119650E040E07D014217530748F4FB0165
:105BE00001911191BF010D931D934F5F5F4FF4CF52
:105BF000D901AA0FBB1FAE0DBF1D1D921C92DC0167
:105C0000BE5F41E04C93C150DE4F39832883CF5FA4
:105C1000D140119680E092E0F70101900D9201973A
:105C2000E1F7C450DD4F0FB6F894DEBF0FBECDBF15
:105C3000DF91CF911F910F91FF90EF900895EF9218
:105C4000FF920F931F93CF93DF93CDB7DEB7CC5F57
:105C5000D2400FB6F894DEBF0FBECDBFFB0130813E
:105C60003F3708F03EE7FB01BE016F5F7D4FDB0170
:105C700020E0231751F042815181452754274527C1
:105C80004D935D932F5F3296F4CF30E0DE01119695
:105C900050E040E07D014217530748F4FB010191B9
:105CA0001191BF010D931D934F5F5F4FF4CFA90179
:105CB000440F551F4E0D5F1DFA0111821082C15015
:105CC000DE4F39832883CF5FD14020E032E0F701F7
:105CD000DC0101900D9221503040D9F7C450DD4FC6
:105CE0000FB6F894DEBF0FBECDBFDF91CF911F91ED
:105CF0000F91FF90EF9008958F5F9E4FFC011082EF
:105D00000895FC012181211108C021E0FB013081AF
:105D1000311101C020E0FC0120830895FC0181E0E5
:105D2000DB019C91911101C080E091E0918382831D
:105D3000808308950F931F93582F577001E010E050
:105D400020E030E004C0000F111F221F331F5A95BE
:105D5000D2F723E0969587952A95E1F79927E09168
:105D60004D08F0914E08662321F0E0915308F09120
:105D70005408E80FF91F8081442329F0082B008381
:105D80001F910F91089500950823F9CF23E030E08B
:105D90003093630620936206EDE7F8E090914308A4
:105DA0009083805881836283089520917D08209597
:105DB00030E0F901EF5EFC4F908190952F5E3D4FF2
:105DC000D9018C914091620650916306425051096D
:105DD000EDE7F8E031969F012D573840241735073D
:105DE00070F420819227292F30E0D901AF5EBC4F9B
:105DF0009C9198272F5E3D4FD9018C91EBCF089550
:105E00002F923F924F925F926F927F928F929F92CA
:105E1000AF92BF92CF92DF92EF92FF920F931F93B8
:105E2000CF93DF93CDB7DEB7C855D1090FB6F8943D
:105E3000DEBF0FBECDBF10E000E0F801EE0FFF1F88
:105E4000ED52F84F0190F081E02D309749F041E09C
:105E50008081811101C040E060E0C8010E949A2E5B
:105E60000F5F1F4F0833110541F7E0904408F09091
:105E7000450803E917E02F961FAF0EAF2F97870154
:105E8000005C1F4FF70123E937E0D9018D919D9107
:105E90009D01009729F0DC018D919C919183808375
:105EA00032960E171F0789F7D12CC12CF601EE0F81
:105EB000FF1FED5DF84F0190F081E02D309749F024
:105EC00041E08081811101C040E061E0C6010E9493
:105ED0009A2EBFEFCB1ADB0AE8E3CE16D10431F7D6
:105EE00043EE56E0E0915008F09151089F01205C8C
:105EF0003F4FDA018D919D91AD01009729F0DC01B2
:105F00008D919C91918380833296E217F30789F7F4
:105F1000EBEBF6E06196FFAFEEAF6197F80108E6B4
:105F2000E00EF11C2BEB36E0D9018D919D919D0186
:105F3000009729F0DC018D919C91918380833296AA
:105F4000EE16FF0689F7E3E9F6E06396FFAFEEAFE2
:105F50006397E0914708F09148089F01205B3F4F0D
:105F600003E916E0D8018D919D918D01009749F0CC
:105F7000DC014D915D916D917C91408351836283F1
:105F8000738334962E173F0769F7EBE6F6E02D96FC
:105F9000FFAFEEAF2D97E0914A08F0914B089F01BB
:105FA00020563F4F8BE696E0DC01CD90DD90CD0191
:105FB000C114D104F1F0D601EC901196FC90119728
:105FC00012960C91129713961C91139714967C912C
:105FD000149715966C91159716965C9116971796CF
:105FE0004C91E082F182028313837483658356832C
:105FF000478338962E173F07B9F6F0904308C090B4
:1060000068062996CFAE2997C0906906D0906A0697
:106010002796DFAECEAE27972796AEADBFAD2797BA
:10602000ED91FC9111970084F185E02DCD0119953A
:1060300018161906BCF580917B0890917C088F3F5B
:10604000910509F078F52796AEADBFAD2797ED9194
:10605000FC9111970284F385E02DCD0119952091D3
:106060007B0830917C08A9014F5F5F4F50937C08FB
:1060700040937B082358374FF90180832FB7F8945A
:106080008091730890917408A0917508B09176087A
:106090002FBF80935E0690935F06A0936006B09337
:1060A0006106BACF40917B0850917C08411551059B
:1060B00009F487C080917D08F81619F00E94A604A3
:1060C000F1CF4230510508F48AC180917E0809E081
:1060D000802E912CA12CB12C833409F442C028F5D8
:1060E000813158F48F3008F03EC18150863038F14C
:1060F00088248A94982C540134C0813409F469C1ED
:106100008234B1F74830510508F469C180908308A2
:1061100090908408982489249824B12CA12C1AE00A
:10612000810E911CA11CB11C1CC0893470F48634F2
:1061300008F04FC1843409F424C18534C9F688E0DD
:10614000882E912CA12CB12C0CC08A3409F441C1A9
:1061500008F42DC115E0812E912CA12CB12C8B348B
:1061600039F631E083169306A104B10408F0A6CFF6
:1061700081149104A104B10429F084014815590542
:1061800008F031C12FB7F89480917308909174088A
:10619000A0917508B09176082FBF40915E0650918E
:1061A0005F066091600670916106841B950BA60BDB
:1061B000B70B0997A105B10520F010927C08109249
:1061C0007B0840914D0850914E0830E020E0F901E5
:1061D000EE0FFF1FED52F84F0190F081E02D309748
:1061E00099F0D90183E0B695A7958A95E1F7A40FB8
:1061F000B51F8C9190E0622F677002C095958795CE
:106200006A95E2F7817080832F5F3F4F2833310515
:10621000F1F68091440890914508BC01605C7F4F85
:10622000DC012F96EEADFFAD2F97219131912F9686
:10623000FFAFEEAF2F972115310531F04D915C91F5
:106240001197F9015183408312966A177B0749F72A
:10625000FB0188599F4F6196AEADBFAD61974D91DF
:106260005D916196BFAFAEAF61974115510529F0C1
:1062700020813181DA012D933C9332968E179F074E
:1062800051F7E0914708F0914808CF01805B9F4F9C
:106290006396AEADBFAD63972D913D916396BFAF51
:1062A000AEAF63972115310551F040815181628174
:1062B0007381D9014D935D936D937C9313973496BD
:1062C0008E179F0729F7E0914A08F0914B08CF01FC
:1062D00080569F4F2D96AEADBFAD2D97ED90FD90A2
:1062E0002D96BFAFAEAF2D97E114F104F1F0008110
:1062F0001181728163815481458136812781D70163
:106300000C9311961C93119712967C9312971396E7
:106310006C93139714965C93149715964C9315975A
:1063200016963C93169717962C9338968E179F07C0
:1063300089F6C85ADF4F0FB6F894DEBF0FBECDBF47
:10634000DF91CF911F910F91FF90EF90DF90CF9051
:10635000BF90AF909F908F907F906F905F904F9085
:106360003F902F90089547305105C8F180908308E1
:10637000912CB12CA12CF9E08F0E911CA11CB11C09
:10638000F0CE4430510558F120917F0830918008BB
:10639000322723273227A3E0B0E00E943A4E4B0178
:1063A0005C0106E0800E911CA11CB11CDACE4430C9
:1063B0005105A8F080907F08909080089824892447
:1063C0009824B12CA12C26E0820E911CA11CB11C9A
:1063D000C8CEA4E08A2E912CA12CB12CC2CE812C47
:1063E000912C5401BECED0907E088FEB8D0D8A305B
:1063F00000F190926306809262060E94D52EB5014C
:10640000A40142505109610971094358574FDA01FB
:106410002C91B1E08B1A9108A108B108F401E3585E
:10642000F74F30812327322723272817390709F010
:1064300045CE0250110910936306009362066090E6
:106440007F087090800876246724762440907F0827
:106450000091810810918208102701271027E090F1
:106460008008F0908108FE24EF24FE24C09082086A
:10647000E2E4DE1609F4B4C7ED1508F480C0F5E0D7
:10648000DF1609F4E0C5FD1570F1F2E0CF2EDC1443
:1064900009F41FC5CD1450F0EE24E394DE1409F482
:1064A0008FC461E070E08D2D90E041C0E3E0FE2EEE
:1064B000DF1409F4E0C124E0D212F3CFC801019740
:1064C00063E070E08D37910558F420915208C301C4
:1064D000800F911F2817190608F084C562E070E04C
:1064E00084E090E024C03FE0D31609F4CBC53D150D
:1064F00008F146E0D412D5CF209146088091490892
:1065000090E0880F991FE22FF0E08E0F9F1F4091BF
:106510004C0824E0429FA0011124480F591F641623
:10652000750608F49BC062E070E086E090E00E948F
:10653000C62EA1C080E1D81609F4C2C291E4D912D6
:10654000B0CFD0927E0886E080937F088EE780935C
:1065500080080DE718E0F12C8F2D0E948307F801C9
:1065600094838583F3940E5F1F4FF6E0FF12F4CF00
:1065700080E190E090936306809362067CC0A7E47C
:10658000DA1609F4A0C7AD1508F441C0B4E4DB166F
:1065900009F4ABC6DB1608F432C6E5E4DE1609F4EE
:1065A00068C7F6E4DF127DCF2FB7F89480917308A7
:1065B00090917408A0917508B09176082FBFD09281
:1065C0007E082EE720937F08209108022093800800
:1065D00020916008309161084091620850916308F1
:1065E0005093810840938208309383082093840855
:1065F000B0938508A09386089093870880938808B5
:1066000080910902809389088DE090E0B3CF79E40E
:10661000C72EDC1409F481C7DC1408F473C76AE4DC
:10662000E62EDE1409F486C75BE4F52EDF1039CFC1
:10663000E1E04E1282C7109268088BE480937E08D6
:106640008EE780937F088091080280938008809174
:1066500009028093810885E090E08CCF6E167F065A
:10666000D8F4660C771CE0914408F0914508E60DDB
:10667000F71D118300838091620690916306029654
:106680008130914008F45CC580917E0864E070E040
:1066900090E00E94C62E54C568167906F0F5A80150
:1066A00070E060E0809147089091480860FC1CC051
:1066B000D301AE1BBF0BFD01EE0FFF1FEC7FF3708C
:1066C000E80FF91F80819181A281B381AA27BB279E
:1066D000BA0155274427842B952BA62BB72B8083F3
:1066E0009183A283B383C7CFE095F095E60DF71DA4
:1066F000EE0FFF1FEC7FF370E80FF91F008111818F
:106700002281338100271127042B152B262B372BB1
:106710000083118322833383AECF93012370332709
:106720004801B12CA12CC12CD12C7601E0914A0852
:10673000F0914B082115310549F5681A790A660C64
:10674000771CB8EF6B22B7E07B22E60DF71D408087
:10675000618072801381B481A581940140E050E092
:1067600060E070E080E090E000E30E94A84E242901
:1067700020833629318347294283512B5383B62BFB
:10678000B483A72BA5838683978375CF21303105EA
:1067900041F50FEF601A700A681A790A660C771CC7
:1067A00018EF612217E07122E60DF71D408061802D
:1067B00072801381B681A7819401A501B601C7013A
:1067C00000E20E94A84E24292083362931834729DC
:1067D0004283152B1383648375838B2B86839A2BBB
:1067E000D3CF2230310529F522E0620E711C681AE0
:1067F000790A660C771C38EF632237E07322E60DC6
:10680000F71D4080618074801581B681A781940155
:10681000A501B601C70100E10E94A84E24292083EA
:106820003629318342835383762A7482172B15834A
:10683000D4CF43E0640E711C681A790A660C771C89
:1068400088EF682287E07822E60DF71D52814381A8
:106850003481258196818781808291825A29528351
:106860004B2943833C2934832D2925839E299683F4
:106870008F29878300CFC801019763E070E08D37CF
:106880009105C8F44301800E911E20914608E091C5
:106890004908F0E0EE0FFF1FE20FF11D80914C0858
:1068A000A4E08A9FC00111248E0F9F1F88169906AD
:1068B00028F062E070E083E090E039CE000F111F15
:1068C0000D5F1F4F10936306009362064DE7E42EA1
:1068D00048E0F42ED7011196CD018D5798408017CE
:1068E000910710F41C92F7CF83E080937E08035049
:1068F00000937F08C0904A08D0904B08A0904708AA
:10690000B09048084090440850904508A22FB0E04D
:106910002B96BFAFAEAF2B9783E090E0DC01AE1BB0
:10692000BF0BBEAFADAF2B962EAC3FAC2B972094D8
:1069300030948614970409F49ECE2B96AEADBFAD6D
:106940002B976A167B0650F49301220F331F240DF8
:10695000351DD9018C9111963C911CC06E167F0695
:1069600080F560FC24C0C3012B96AEADBFAD2B9764
:106970008A1B9B0B880F991F8C7F93708A0D9B1D20
:10698000DC014D915D916D917C91AB01662777277C
:10699000842F352FD70113963C93139714968C931D
:1069A000B2E0EB0EF11C0FEF601A700AC2CF91013A
:1069B000260D371D220F331F2C7F33702A0D3B1DF0
:1069C000C8CF8301037011270115110521F583013B
:1069D0000E1B1F0B000F111F087F17700C0D1D1DC4
:1069E000D8012C9111963C91119712964C911297C7
:1069F00013965C91139714966C91149715967C914D
:106A0000159716968C91169717969C9100E30E9405
:106A1000C34E822FBFCF0130110511F50E1B1F0B86
:106A2000060D171D000F111F087F17700C0D1D1D7F
:106A3000D8012C9111963C91119712964C91129776
:106A400013965C91139714966C91149715967C91FC
:106A5000159716968C91169717969C9100E2D7CFB2
:106A60000230110511F50E1B1F0B060D171D000F2F
:106A7000111F087F17700C0D1D1DD8012C91119648
:106A80003C91119712964C91129713965C91139723
:106A900014966C91149715967C91159716968C9177
:106AA000169717969C9100E1B2CF2DAD3EAD260D05
:106AB000371D220F331F287F37702C0D3D1D49CF06
:106AC000C80101978B37910540F420918308C801D4
:106AD000880F991F2817190629F063E070E080E1FC
:106AE00090E025CD2301400E511E20914608A09133
:106AF0004908B0E0AA0FBB1FA20FB11D80914C083E
:106B000034E0839FC00111248A0F9B1F4816590649
:106B100018F062E070E0E3CF86E090E090936306C7
:106B20008093620680E180937E0870927F08609275
:106B30008008109281080093820880904A08909003
:106B40004B08E0914708F09148082B96FFAFEEAF55
:106B50002B97C0904408D09045086596DFAECEAE26
:106B600065973DE7232E38E0332EA22EB12C83E02B
:106B700090E07C01EA1AFB0A6796FFAEEEAE6797DB
:106B8000F501E095F0956996FFAFEEAF6997641453
:106B9000750409F4D5C2F10147818085542F482F2F
:106BA0006A147B0490F4F301EE0FFF1F6596CEACE0
:106BB000DFAC6597EC0DFD1D518340833FEF631AF9
:106BC000730A42E0240E311CE2CF6A167B06D0F530
:106BD00070E060E060FC1FC0F301EA19FB09EE0FF2
:106BE000FF1FEC7FF3702B96EEACFFAC2B97EE0DF6
:106BF000FF1D008111812281338122273327BA01B1
:106C000055274427402B512B622B732B40835183F4
:106C100062837383D3CF6996EEADFFAD6997E60DBE
:106C2000F71DEE0FFF1FEC7FF3702B96CEACDFACA1
:106C30002B97EC0DFD1D00811181228133810027EE
:106C40001127E0CFF301E370FF276A01F12CE12C5B
:106C500000E010E09801CDAEDEAEEFAE2196FFAEC3
:106C6000219722960FAF229723961FAF2397249642
:106C70002FAF249725963FAF2597309779F5F301ED
:106C8000EA1BFB0BEE0FFF1FE87FF770E80DF91D05
:106C9000D0802896DFAE2897C180D280E380F48030
:106CA00015812DAD3EAD40E050E060E070E080E049
:106CB00090E000E30E94A84E28960FAD2897202B65
:106CC00020833C2931834D2942835E295383F62A50
:106CD000F482172B15838683978370CFE130F105FB
:106CE00079F5EA1BFB0BE60DF71DEE0FFF1FE87FA2
:106CF000F770E80DF91D108128961FAF2897C18005
:106D0000D280E380F68017812DAD3EAD40E050E0AB
:106D100060E070E080E090E000E20E94A84E2896DB
:106D20000FAD2897202B20833C2931834D294283A6
:106D3000E52AE382648375838F298683912BCCCFE8
:106D4000E230F10561F5EA1BFB0BE60DF71DEE0FD6
:106D5000FF1FE87FF770E80DF91D108128961FAF1F
:106D60002897C180D480E580F68017812DAD3EAD97
:106D700040E050E060E070E080E090E000E10E94E0
:106D8000A84E28960FAD2897202B20833C293183CD
:106D900042835383D62AD482E72AE582CDCF6796F1
:106DA000EEADFFAD6797E60DF71DEE0FFF1FE87F15
:106DB000F770E80DF91D1DAD10832EAD2183FECEB9
:106DC000C801019763E070E0803D974030F5209165
:106DD0004F08C301800F911F62E070E02817190669
:106DE000E0F0C80123E0969587952A95E1F7980190
:106DF00027703327232BA1F4039690936306809387
:106E000062068091620690916306EDE7F8E08130BA
:106E1000B1E09B0738F064E070E081E090E087CB60
:106E20000496EBCF31969F012D573840281739072C
:106E300010F41082F7CF91E090937E0883508093F6
:106E40007F08A0904D08B0904E0870E060E020E010
:106E5000C12CD12C7601C39416012701022E04C047
:106E6000220C331C441C551C0A94D2F7FB0133E05E
:106E7000F695E7953A95E1F7E058F74F3081A30191
:106E8000A3E056954795AA95E1F74F7155274A0D0E
:106E90005B1DDA014C9150E0B62DB77002C05595DC
:106EA0004795BA95E2F7822D40FF0FC0832B808370
:106EB0002F5F283009F420E0EFEF6E1A7E0A6F5F33
:106EC0007F4F0617170741F6D6CB809538233083BE
:106ED000EFCFC801019763E070E0803D974030F547
:106EE00020915508C301800F911F62E070E02817C0
:106EF0001906E0F0C80123E0969587952A95E1F7F9
:106F0000980127703327232BA1F4039690936306EF
:106F1000809362068091620690916306EDE7F8E047
:106F2000813021E0920738F064E070E082E090E088
:106F3000FECA0496EBCF31969F012D573840281793
:106F4000390710F41082F7CF92E090937E088350B7
:106F500080937F08609153087091540850E040E09E
:106F6000B12CC12CD12C7601C394160127010B2C16
:106F700004C0220C331C441C551C0A94D2F7FA019D
:106F800033E0F695E7953A95E1F7E058F74FA080A2
:106F90009301A3E036952795AA95E1F7260F372FA1
:106FA000311DD9012C9130E0B62DB77002C0359556
:106FB0002795BA95E2F7822D20FF10C08A29808399
:106FC000B394E8E0BE1201C0B12CFFEF6F1A7F0A44
:106FD0004F5F5F4F0417150741F64DCB8095A822F0
:106FE000A082EECFC801880F991F03969093630685
:106FF00080936206EDE7F8E0DF0111969D012D57C1
:1070000038402817390710F41C92F7CF94E090937A
:107010007E08835080937F08660C771CA0915008EF
:10702000B0915108A60DB71D0150110932960F3FBE
:10703000100709F420CB8C9111969C911197129610
:1070400091838283F1CF01153FEF130729F063E0AD
:1070500070E00115110549F480914F088150990B9A
:107060008615970528F462E070E085E090E05FCA3D
:1070700041E001151F4F09F040E060E0C3010E94AC
:107080009A2EF9CA9801B3E036952795BA95E1F79B
:10709000822FA80147705527452B11F081E0820F00
:1070A000980121503109203B374020F4909183080A
:1070B000981729F063E070E08FE090E038CA2091E3
:1070C0004F08C301800F911F2817190618F462E0BA
:1070D00070E0F2CF86E090E09093630680936206C2
:1070E0008FE080937E0870927F08609280081093F2
:1070F000810800938208F12CE12CD12CF701A3E048
:10710000F695E795AA95E1F7E358F74F478150E0E8
:107110000D2C02C0559547950A94E2F7417060E046
:10712000C701860D971D0E949A2ED394A8E0DA120B
:1071300001C0D12CBFEFEB1AFB0AE016F106F1F605
:10714000E0906206F090630687010E5F1F4F109378
:107150006306009362060E94D52EF701E358F74FAD
:10716000908381832996CFAC2997C7FC12C061E038
:107170008C2D0E94C4048091640690916506823033
:10718000910538F0880F991F880F991F059701976F
:10719000F1F72796AEADBFAD2797ED91FC91119712
:1071A0000280F381E02DA8016DE778E0CD0119950B
:1071B0002796AEADBFAD2797ED91FC911197068054
:1071C000F781E02DCD0119958091640690916506B7
:1071D0008230910538F0880F991F880F991F059705
:1071E0000197F1F72996CFAC2997C7FE02C00C94FE
:1071F000DD3060E08C2D0E94C4040C94DD3075E01D
:10720000C72EC41408F466C0C0908208D0908308CA
:10721000842D0E948307009709F45CC0E816F906E4
:1072200008F058C0DC24CD24DC24C816D90608F0A8
:1072300051C0CE14DF0408F44DC0470168E8A62E03
:1072400068E0B62E10E000E0B401842D0E94872D86
:107250009C01200F311F255F3F4F2130314098F4B2
:10726000892B59F0A501B401842D0E94992D009716
:1072700021F0A80EB91E080F191FC4010196740150
:10728000C816D90628F5C8010B969093630680931B
:10729000620683E480937E088EE780937F08F092F5
:1072A0008008E092810880916008909161082091A7
:1072B000620830916308309382082093830890938A
:1072C0008408809385081093860800938708D3C9A3
:1072D0004C01BACF83E090E09093630680936206FE
:1072E00083E480937E0881E878C085E168167104A4
:1072F00008F06AC0C301880F991F860D971DA1E889
:10730000B8E08E010F5F1F4FF8019F01201B310B6A
:107310002817390718F42D912193F7CFB12CA12C00
:10732000412CD12CC12C4BE0E42EF12C6A147B04AF
:1073300041F1D8013C9011968C90119712968C9146
:10734000982C882EB401832D0E94872D009791F0F0
:107350008E0D9F1D81309140A0F4A7014358574FD7
:10736000B401832D0E94992D009721F0E80EF91E9B
:10737000C80ED91E0D5F1F4F4A2CF50131965F01D3
:10738000D5CFF0926306E092620684E480937E0893
:107390008EE780937F081092800840928108809148
:1073A00060089091610820916208309163083093E1
:1073B0008208209383089093840880938508D09254
:1073C0008608C092870857C983E090E090936306CF
:1073D00080936206D0927E0882E880937F084BC932
:1073E0000091830810918408102701271027093F76
:1073F000110548F083E090E0909363068093620665
:10740000D0927E0870CFB701842D0E944A2D282F7C
:10741000CB01009751F1253140F530E049E0429F22
:10742000F001439FF00D1124EF5EFB4FCC20C1F023
:1074300020852223E1F02017110609F0C0F4019005
:10744000F081E02D65E878E019958EE723E030E0E3
:10745000309363062093620692E490937E08BDCF3A
:107460000280F381E02D1995F0CF81E8EFCF82E81B
:10747000EDCFD0927E088EE780937F0881E2E7E32C
:10748000F6E0AE014F5F5F4FDA0101900D928A95F1
:10749000E1F7E0E8F8E0DA01CD01841B950B6D918E
:1074A0009F012D573840662311F06193F5CF235883
:1074B000374F4DEAD9014C93FC01E358F74F2EEDBD
:1074C0002483059657C8D0927E088EE780937F0864
:1074D00086E0E8E5F6E0DE01119601900D928A95CE
:1074E000E1F7FE013196A0E8B8E081919D012D57AA
:1074F0003840882311F08D93F8CF309363062093A2
:107500006206B9C888E480937E088EE780937F087E
:107510001092800884E090E02DC8D0927E0884E824
:10752000B2E66B16710409F485E880937F0883E066
:1075300090E020C8D0927E08F7CF81E08093680861
:107540007CC80F931F93CF93DF938B01FC01FE5FE9
:107550002081222351F19C012F5F3D4F22503E4F4D
:10756000D9012D913C912F37310510F02EE730E0F5
:10757000622FE80128834081442311F08F5F9D4FE3
:10758000FC01D80180E0861790F490813296119624
:107590009C931197AF0142505109EA0199811296CB
:1075A0009C9312978F5F1296EECF9C01D7CF220F3C
:1075B000331F2F5F3F4F2D3F310579F04DEF50E0E6
:1075C000421B530B70E060E0C801820F931FDF91F4
:1075D000CF911F910F910C943F50DF91CF911F914C
:1075E0000F9108950C94AD4F0C94AD4F0C94AD4F8A
:1075F0000C94AD4F0C94AD4F0C94AD4F0C94AD4F1B
:107600000C94AD4F0C94AD4F0C94AD4F0C94AD4F0A
:107610000C94AD4F0C94AD4F0F931F93CF93DF930A
:10762000CDB7DEB7C150D1400FB6F894DEBF0FBE64
:10763000CDBF8C01FB0140814F3708F04EE750E091
:10764000C050DF4F59834883C050D1406F5F7F4F98
:10765000CE0101960E943650C050DF4FE881F9817B
:10766000C050D14081E090E08C0F9D1FE80FF91FC2
:10767000108281E091E0FE013196D80101900D92D7
:107680000197E1F7CF5FDE4F0FB6F894DEBF0FBE74
:10769000CDBFDF91CF911F910F9108950F931F934D
:1076A000CF93DF93CDB7DEB7C150D1400FB6F8947A
:1076B000DEBF0FBECDBF8C01FB0140814F3708F00C
:1076C0004EE750E0C050DF4F59834883C050D1404F
:1076D0006F5F7F4FCE0101960E943650C050DF4F42
:1076E000E881F981C050D14081E090E08C0F9D1F6E
:1076F000E80FF91F1082F801EF5FFE4F81E08083F1
:10770000D801AE5FBE4F81E091E0FE01319601905D
:107710000D920197E1F7CF5FDE4F0FB6F894DEBF11
:107720000FBECDBFDF91CF911F910F910895FF92B2
:107730000F931F93CF93DF938B01FC01EF5FFE4FFD
:107740002081222319F19C012E5F3E4F21503F4F93
:10775000D901CD91DC91CF37D10510F0CEE7D0E043
:10776000FC2ED801CC93C11113C04EE750E04C1B46
:107770005D0BCE01019670E060E0800F911FDF91FC
:10778000CF911F910F91FF900C943F509C01DECF41
:107790002081BC01222311F06E5F7E4FAE01C80133
:1077A00001960E9436508EE7F812DFCFDF91CF911D
:1077B0001F910F91FF9008951F920F920FB60F9295
:1077C00011242F933F938F939F93AF93BF938091F7
:1077D000730890917408A0917508B0917608309163
:1077E000720823E0230F2D3758F50196A11DB11D16
:1077F000209372088093730890937408A09375087F
:10780000B09376088091770890917808A0917908D4
:10781000B0917A080196A11DB11D809377089093CD
:107820007808A0937908B0937A08BF91AF919F919F
:107830008F913F912F910F900FBE0F901F90189531
:1078400026E8230F0296A11DB11DD2CF1F920F92E1
:107850000FB60F9211240BB60F922F933F934F93B5
:107860005F936F937F938F939F93AF93BF93EF93A8
:10787000FF938DE799E00E94EF05FF91EF91BF9193
:10788000AF919F918F917F916F915F914F913F91B8
:107890002F910F900BBE0F900FBE0F901F90189559
:1078A0001F920F920FB60F9211240BB60F922F93C7
:1078B0008F939F93EF93FF93E0918D09F0918E0941
:1078C0008081E0919309F091940982FD1DC090811F
:1078D000809196098F5F8F7320919709821741F0ED
:1078E000E0919609F0E0E358F64F958F8093960962
:1078F000FF91EF919F918F912F910F900BBE0F9061
:107900000FBE0F901F9018958081F2CF2091C92D46
:107910003091CA2D4091CB2D5091CC2D6091CD2D21
:107920007091CE2D8091CF2D9091D02DA1E00E940D
:10793000E74E2093C92D3093CA2D4093CB2D509301
:10794000CC2D6093CD2D7093CE2D8093CF2D909321
:10795000D02D0E94054F31F41092C62D1092C72DE4
:107960001092C82D2091BE2D3091BF2D4091C02D79
:107970005091C12D6091C22D7091C32D8091C42D65
:107980009091C52DA1E00E94E74E2093BE2D30932B
:10799000BF2D4093C02D5093C12D6093C22D709385
:1079A000C32D8093C42D9093C52D0E94054F31F4B3
:1079B0001092BB2D1092BC2D1092BD2D2091B32D95
:1079C0003091B42D4091B52D5091B62D6091B72DC9
:1079D0007091B82D8091B92D9091BA2DA1E00E949F
:1079E000E74E2093B32D3093B42D4093B52D509393
:1079F000B62D6093B72D7093B82D8093B92D9093C9
:107A0000BA2D0E94054F31F41092B02D1092B12D75
:107A10001092B22D2091A82D3091A92D4091AA2D20
:107A20005091AB2D6091AC2D7091AD2D8091AE2D0C
:107A30009091AF2DA1E00E94E74E2093A82D3093A6
:107A4000A92D4093AA2D5093AB2D6093AC2D70932C
:107A5000AD2D8093AE2D9093AF2D0E94054F31F444
:107A60001092A52D1092A62D1092A72D20919D2D3C
:107A700030919E2D40919F2D5091A02D6091A12D70
:107A80007091A22D8091A32D9091A42DA1E00E9430
:107A9000E74E20939D2D30939E2D40939F2D509324
:107AA000A02D6093A12D7093A22D8093A32D909370
:107AB000A42D0E94054F31F410929A2D10929B2D07
:107AC00010929C2D2091922D3091932D4091942DC8
:107AD0005091952D6091962D7091972D8091982DB4
:107AE0009091992DA1E00E94E74E2093922D309322
:107AF000932D4093942D5093952D6093962D7093D4
:107B0000972D8093982D9093992D0E94054F31F4D5
:107B100010928F2D1092902D1092912D2091872DE3
:107B20003091882D4091892D50918A2D60918B2D17
:107B300070918C2D80918D2D90918E2DA1E00E94C1
:107B4000E74E2093872D3093882D4093892D5093B5
:107B50008A2D60938B2D70938C2D80938D2D909317
:107B60008E2D0E94054F91F410927E2D10927F2D44
:107B70001092802D1092812D1092822D1092832DC3
:107B80001092842D1092852D1092862D2091762DA5
:107B90003091772D4091782D5091792D60917A2DEB
:107BA00070917B2D80917C2D90917D2DA1E00E9484
:107BB000E74E2093762D3093772D4093782D509378
:107BC000792D60937A2D70937B2D80937C2D9093EB
:107BD0007D2D0E94054F91F410926D2D10926E2D07
:107BE00010926F2D1092702D1092712D1092722D97
:107BF0001092732D1092742D1092752D2091652D79
:107C00003091662D4091672D5091682D6091692DBE
:107C100070916A2D80916B2D90916C2DA1E00E9446
:107C2000E74E2093652D3093662D4093672D50933A
:107C3000682D6093692D70936A2D80936B2D9093BE
:107C40006C2D0E94054F91F410925C2D10925D2DC9
:107C500010925E2D10925F2D1092602D1092612D6A
:107C60001092622D1092632D1092642D2091542D4C
:107C70003091552D4091562D5091572D6091582D92
:107C80007091592D80915A2D90915B2DA1E00E9409
:107C9000E74E2093542D3093552D4093562D5093FD
:107CA000572D6093582D7093592D80935A2D909392
:107CB0005B2D0E94054F91F410924B2D10924C2D8C
:107CC00010924D2D10924E2D10924F2D1092502D3E
:107CD0001092512D1092522D1092532D2091432D20
:107CE0003091442D4091452D5091462D6091472D66
:107CF0007091482D8091492D90914A2DA1E00E94CC
:107D0000E74E2093432D3093442D4093452D5093BF
:107D1000462D6093472D7093482D8093492D909365
:107D20004A2D0E94054F31F41092402D1092412DA2
:107D30001092422D2091382D3091392D40913A2DBD
:107D400050913B2D60913C2D70913D2D80913E2DA9
:107D500090913F2DA1E00E94E74E2093382D309363
:107D6000392D40933A2D50933B2D60933C2D7093C9
:107D70003D2D80933E2D90933F2D0E94054F31F471
:107D80001092352D1092362D1092372D20912D2DD9
:107D900030912E2D40912F2D5091302D6091312D0D
:107DA0007091322D8091332D9091342DA1E00E945D
:107DB000E74E20932D2D30932E2D40932F2D509351
:107DC000302D6093312D7093322D8093332D90930D
:107DD000342D0E94054F31F410922A2D10922B2D34
:107DE00010922C2D2091222D3091232D4091242D65
:107DF0005091252D6091262D7091272D8091282D51
:107E00009091292DA1E00E94E74E2093222D3093DE
:107E1000232D4093242D5093252D6093262D709370
:107E2000272D8093282D9093292D0E94054F31F402
:107E300010921F2D1092202D1092212D2091172D80
:107E40003091182D4091192D50911A2D60911B2DB4
:107E500070911C2D80911D2D90911E2DA1E00E94EE
:107E6000E74E2093172D3093182D4093192D5093E2
:107E70001A2D60931B2D70931C2D80931D2D9093B4
:107E80001E2D0E94054F31F41092142D1092152DC5
:107E90001092162D20910C2D30910D2D40910E2D0C
:107EA00050910F2D6091102D7091112D8091122DF8
:107EB0009091132DA1E00E94E74E20930C2D30935A
:107EC0000D2D40930E2D50930F2D6093102D709318
:107ED000112D8093122D9093132D0E94054F31F494
:107EE0001092092D10920A2D10920B2D2091012D28
:107EF0003091022D4091032D5091042D6091052D5C
:107F00007091062D8091072D9091082DA1E00E947F
:107F1000E74E2093012D3093022D4093032D509373
:107F2000042D6093052D7093062D8093072D90935B
:107F3000082D0E94054F31F41092FE2C1092FF2C58
:107F40001092002D2091F62C3091F72C4091F82CB6
:107F50005091F92C6091FA2C7091FB2C8091FC2CA3
:107F60009091FD2CA1E00E94E74E2093F62C3093D7
:107F7000F72C4093F82C5093F92C6093FA2C7093C3
:107F8000FB2C8093FC2C9093FD2C0E94054F31F428
:107F90001092F32C1092F42C1092F52C2091EB2CD3
:107FA0003091EC2C4091ED2C5091EE2C6091EF2C07
:107FB0007091F02C8091F12C9091F22CA1E00E9414
:107FC000E74E2093EB2C3093EC2C4093ED2C509308
:107FD000EE2C6093EF2C7093F02C8093F12C909307
:107FE000F22C0E94054F31F41092E82C1092E92CEB
:107FF0001092EA2C2091E02C3091E12C4091E22C5F
:108000005091E32C6091E42C7091E52C8091E62C4A
:108010009091E72CA1E00E94E74E2093E02C309352
:10802000E12C4093E22C5093E32C6093E42C70936A
:10803000E52C8093E62C9093E72C0E94054F31F4B9
:108040001092DD2C1092DE2C1092DF2C2091D52C7A
:108050003091D62C4091D72C5091D82C6091D92CAE
:108060007091DA2C8091DB2C9091DC2CA1E00E94A5
:10807000E74E2093D52C3093D62C4093D72C509399
:10808000D82C6093D92C7093DA2C8093DB2C9093AE
:10809000DC2C0E94054F31F41092D22C1092D32C7C
:1080A0001092D42C2091CA2C3091CB2C4091CC2C06
:1080B0005091CD2C6091CE2C7091CF2C8091D02CF2
:1080C0009091D12CA1E00E94E74E2093CA2C3093CE
:1080D000CB2C4093CC2C5093CD2C6093CE2C709312
:1080E000CF2C8093D02C9093D12C0E94054F31F44B
:1080F0001092C72C1092C82C1092C92C2091BF2C22
:108100003091C02C4091C12C5091C22C6091C32C55
:108110007091C42C8091C52C9091C62CA1E00E9436
:10812000E74E2093BF2C3093C02C4093C12C50932A
:10813000C22C6093C32C7093C42C8093C52C909355
:10814000C62C0E94054F31F41092BC2C1092BD2C0D
:108150001092BE2C2091B42C3091B52C4091B62CAD
:108160005091B72C6091B82C7091B92C8091BA2C99
:108170009091BB2CA1E00E94E74E2093B42C309349
:10818000B52C4093B62C5093B72C6093B82C7093B9
:10819000B92C8093BA2C9093BB2C0E94054F31F4DC
:1081A0001092B12C1092B22C1092B32C2091A92CC9
:1081B0003091AA2C4091AB2C5091AC2C6091AD2CFD
:1081C0007091AE2C8091AF2C9091B02CA1E00E94C8
:1081D000E74E2093A92C3093AA2C4093AB2C5093BC
:1081E000AC2C6093AD2C7093AE2C8093AF2C9093FD
:1081F000B02C0E94054F31F41092A62C1092A72C9F
:108200001092A82C20919E2C30919F2C4091A02C54
:108210005091A12C6091A22C7091A32C8091A42C40
:108220009091A52CA1E00E94E74E20939E2C3093C4
:108230009F2C4093A02C5093A12C6093A22C709360
:10824000A32C8093A42C9093A52C0E94054F31F46D
:1082500010929B2C10929C2C10929D2C2091932C70
:108260003091942C4091952C5091962C6091972CA4
:108270007091982C8091992C90919A2CA1E00E9459
:10828000E74E2093932C3093942C4093952C50934D
:10829000962C6093972C7093982C8093992C9093A4
:1082A0009A2C0E94054F51F410928F2C10928E2C14
:1082B0001092902C1092922C1092912C2091862C3E
:1082C0003091872C4091882C5091892C60918A2C78
:1082D00070918B2C80918C2C90918D2CA1E00E9420
:1082E000E74E2093862C3093872C4093882C509314
:1082F000892C60938A2C70938B2C80938C2C909378
:108300008D2C0E94054F31F41092832C1092842CF6
:108310001092852C20917B2C30917C2C40917D2CCF
:1083200050917E2C60917F2C7091802C8091812CBB
:108330009091822CA1E00E94E74E20937B2C3093F9
:108340007C2C40937D2C50937E2C60937F2C7093DB
:10835000802C8093812C9093822C0E94054F49F4AD
:108360008BE4E0E3FCE2DF011D928A95E9F70C94CF
:10837000920B08951092800910927F0988EE93E085
:10838000A0E0B0E08093810990938209A0938309D3
:10839000B093840984ED95E090937E0980937D09E4
:1083A00085EC90E090938A098093890984EC90E0B1
:1083B00090938C0980938B0980EC90E090938E09C8
:1083C00080938D0981EC90E09093900980938F09C0
:1083D00082EC90E0909392098093910986EC90E072
:1083E000909394098093930910929609109297099B
:1083F00010929809109299090E94863C0E94863C2E
:108400000E94863C0E94863C0E94863C0E94863CDC
:108410000E94863C0E94863C0E94863C0E94863CCC
:108420000E94863C0E94863C0E94863C0E94863CBC
:108430002091C92D3091CA2D4091CB2D5091CC2D3A
:108440006091CD2D7091CE2D8091CF2D9091D02D1A
:10845000A1E00E94E74E2093C92D3093CA2D40938E
:10846000CB2D5093CC2D6093CD2D7093CE2D80933A
:10847000CF2D9093D02D0E94054F31F41092C62D30
:108480001092C72D1092C82D2091BE2D3091BF2D76
:108490004091C02D5091C12D6091C22D7091C32D7E
:1084A0008091C42D9091C52DA1E00E94E74E2093AC
:1084B000BE2D3093BF2D4093C02D5093C12D60939E
:1084C000C22D7093C32D8093C42D9093C52D0E940F
:1084D000054F31F41092BB2D1092BC2D1092BD2D82
:1084E0002091B32D3091B42D4091B52D5091B62DE2
:1084F0006091B72D7091B82D8091B92D9091BA2DC2
:10850000A1E00E94E74E2093B32D3093B42D409309
:10851000B52D5093B62D6093B72D7093B82D8093E1
:10852000B92D9093BA2D0E94054F31F41092B02DC1
:108530001092B12D1092B22D2091A82D3091A92D1D
:108540004091AA2D5091AB2D6091AC2D7091AD2D25
:108550008091AE2D9091AF2DA1E00E94E74E209327
:10856000A82D3093A92D4093AA2D5093AB2D609345
:10857000AC2D7093AD2D8093AE2D9093AF2D0E94B6
:10858000054F31F41092A52D1092A62D1092A72D13
:1085900020919D2D30919E2D40919F2D5091A02D89
:1085A0006091A12D7091A22D8091A32D9091A42D69
:1085B000A1E00E94E74E20939D2D30939E2D409385
:1085C0009F2D5093A02D6093A12D7093A22D809389
:1085D000A32D9093A42D0E94054F31F410929A2D53
:1085E00010929B2D10929C2D2091922D3091932DC5
:1085F0004091942D5091952D6091962D7091972DCD
:108600008091982D9091992DA1E00E94E74E2093A2
:10861000922D3093932D4093942D5093952D6093EC
:10862000962D7093972D8093982D9093992D0E945D
:10863000054F31F410928F2D1092902D1092912DA4
:108640002091872D3091882D4091892D50918A2D30
:1086500060918B2D70918C2D80918D2D90918E2D10
:10866000A1E00E94E74E2093872D3093882D409300
:10867000892D50938A2D60938B2D70938C2D809330
:108680008D2D90938E2D0E94054F91F410927E2D8A
:1086900010927F2D1092802D1092812D1092822D9C
:1086A0001092832D1092842D1092852D1092862D7C
:1086B0002091762D3091772D4091782D5091792D04
:1086C00060917A2D70917B2D80917C2D90917D2DE4
:1086D000A1E00E94E74E2093762D3093772D4093B2
:1086E000782D5093792D60937A2D70937B2D809304
:1086F0007C2D90937D2D0E94054F91F410926D2D4D
:1087000010926E2D10926F2D1092702D1092712D6F
:108710001092722D1092732D1092742D1092752D4F
:108720002091652D3091662D4091672D5091682DD7
:108730006091692D70916A2D80916B2D90916C2DB7
:10874000A1E00E94E74E2093652D3093662D409363
:10875000672D5093682D6093692D70936A2D8093D7
:108760006B2D90936C2D0E94054F91F410925C2D0F
:1087700010925D2D10925E2D10925F2D1092602D43
:108780001092612D1092622D1092632D1092642D23
:108790002091542D3091552D4091562D5091572DAB
:1087A0006091582D7091592D80915A2D90915B2D8B
:1087B000A1E00E94E74E2093542D3093552D409315
:1087C000562D5093572D6093582D7093592D8093AB
:1087D0005A2D90935B2D0E94054F91F410924B2DD2
:1087E00010924C2D10924D2D10924E2D10924F2D17
:1087F0001092502D1092512D1092522D1092532DF7
:108800002091432D3091442D4091452D5091462D7E
:108810006091472D7091482D8091492D90914A2D5E
:10882000A1E00E94E74E2093432D3093442D4093C6
:10883000452D5093462D6093472D7093482D80937E
:10884000492D90934A2D0E94054F31F41092402DEE
:108850001092412D1092422D2091382D3091392DBA
:1088600040913A2D50913B2D60913C2D70913D2DC2
:1088700080913E2D90913F2DA1E00E94E74E2093E4
:10888000382D3093392D40933A2D50933B2D6093E2
:108890003C2D70933D2D80933E2D90933F2D0E9453
:1088A000054F31F41092352D1092362D1092372D40
:1088B00020912D2D30912E2D40912F2D5091302D26
:1088C0006091312D7091322D8091332D9091342D06
:1088D000A1E00E94E74E20932D2D30932E2D409342
:1088E0002F2D5093302D6093312D7093322D809326
:1088F000332D9093342D0E94054F31F410922A2D80
:1089000010922B2D10922C2D2091222D3091232D61
:108910004091242D5091252D6091262D7091272D69
:108920008091282D9091292DA1E00E94E74E20935F
:10893000222D3093232D4093242D5093252D609389
:10894000262D7093272D8093282D9093292D0E94FA
:10895000054F31F410921F2D1092202D1092212DD1
:108960002091172D3091182D4091192D50911A2DCD
:1089700060911B2D70911C2D80911D2D90911E2DAD
:10898000A1E00E94E74E2093172D3093182D4093BD
:10899000192D50931A2D60931B2D70931C2D8093CD
:1089A0001D2D90931E2D0E94054F31F41092142D11
:1089B0001092152D1092162D20910C2D30910D2D09
:1089C00040910E2D50910F2D6091102D7091112D11
:1089D0008091122D9091132DA1E00E94E74E2093DB
:1089E0000C2D30930D2D40930E2D50930F2D609331
:1089F000102D7093112D8093122D9093132D0E94A2
:108A0000054F31F41092092D10920A2D10920B2D62
:108A10002091012D3091022D4091032D5091042D74
:108A20006091052D7091062D8091072D9091082D54
:108A3000A1E00E94E74E2093012D3093022D409338
:108A4000032D5093042D6093052D7093062D809374
:108A5000072D9093082D0E94054F31F41092FE2CA3
:108A60001092FF2C1092002D2091F62C3091F72CB3
:108A70004091F82C5091F92C6091FA2C7091FB2CBC
:108A80008091FC2C9091FD2CA1E00E94E74E209358
:108A9000F62C3093F72C4093F82C5093F92C6093DC
:108AA000FA2C7093FB2C8093FC2C9093FD2C0E944D
:108AB000054F31F41092F32C1092F42C1092F52CF7
:108AC0002091EB2C3091EC2C4091ED2C5091EE2C20
:108AD0006091EF2C7091F02C8091F12C9091F22C00
:108AE000A1E00E94E74E2093EB2C3093EC2C4093B6
:108AF000ED2C5093EE2C6093EF2C7093F02C809320
:108B0000F12C9093F22C0E94054F31F41092E82C36
:108B10001092E92C1092EA2C2091E02C3091E12C5B
:108B20004091E22C5091E32C6091E42C7091E52C63
:108B30008091E62C9091E72CA1E00E94E74E2093D3
:108B4000E02C3093E12C4093E22C5093E32C609383
:108B5000E42C7093E52C8093E62C9093E72C0E94F4
:108B6000054F31F41092DD2C1092DE2C1092DF2C88
:108B70002091D52C3091D62C4091D72C5091D82CC7
:108B80006091D92C7091DA2C8091DB2C9091DC2CA7
:108B9000A1E00E94E74E2093D52C3093D62C409331
:108BA000D72C5093D82C6093D92C7093DA2C8093C7
:108BB000DB2C9093DC2C0E94054F31F41092D22CC8
:108BC0001092D32C1092D42C2091CA2C3091CB2C03
:108BD0004091CC2C5091CD2C6091CE2C7091CF2C0B
:108BE0008091D02C9091D12CA1E00E94E74E20934F
:108BF000CA2C3093CB2C4093CC2C5093CD2C60932B
:108C0000CE2C7093CF2C8093D02C9093D12C0E949B
:108C1000054F31F41092C72C1092C82C1092C92C19
:108C20002091BF2C3091C02C4091C12C5091C22C6E
:108C30006091C32C7091C42C8091C52C9091C62C4E
:108C4000A1E00E94E74E2093BF2C3093C02C4093AC
:108C5000C12C5093C22C6093C32C7093C42C80936E
:108C6000C52C9093C62C0E94054F31F41092BC2C59
:108C70001092BD2C1092BE2C2091B42C3091B52CAA
:108C80004091B62C5091B72C6091B82C7091B92CB2
:108C90008091BA2C9091BB2CA1E00E94E74E2093CA
:108CA000B42C3093B52C4093B62C5093B72C6093D2
:108CB000B82C7093B92C8093BA2C9093BB2C0E9443
:108CC000054F31F41092B12C1092B22C1092B32CAB
:108CD0002091A92C3091AA2C4091AB2C5091AC2C16
:108CE0006091AD2C7091AE2C8091AF2C9091B02CF6
:108CF000A1E00E94E74E2093A92C3093AA2C409328
:108D0000AB2C5093AC2C6093AD2C7093AE2C809315
:108D1000AF2C9093B02C0E94054F31F41092A62CEA
:108D20001092A72C1092A82C20919E2C30919F2C51
:108D30004091A02C5091A12C6091A22C7091A32C59
:108D40008091A42C9091A52CA1E00E94E74E209345
:108D50009E2C30939F2C4093A02C5093A12C609379
:108D6000A22C7093A32C8093A42C9093A52C0E94EA
:108D7000054F31F410929B2C10929C2C10929D2C3C
:108D80002091932C3091942C4091952C5091962CBD
:108D90006091972C7091982C8091992C90919A2C9D
:108DA000A1E00E94E74E2093932C3093942C4093A3
:108DB000952C5093962C6093972C7093982C8093BD
:108DC000992C90939A2C0E94054F51F410928F2C5D
:108DD00010928E2C1092902C1092922C1092912C1A
:108DE0002091862C3091872C4091882C5091892C91
:108DF00060918A2C70918B2C80918C2C90918D2C71
:108E0000A1E00E94E74E2093862C3093872C40935C
:108E1000882C5093892C60938A2C70938B2C809390
:108E20008C2C90938D2C0E94054F31F41092832C42
:108E30001092842C1092852C20917B2C30917C2CCC
:108E400040917D2C50917E2C60917F2C7091802CD4
:108E50008091812C9091822CA1E00E94E74E20937A
:108E60007B2C30937C2C40937D2C50937E2C6093F4
:108E70007F2C7093802C8093812C9093822C0E9465
:108E8000054F49F48BE4E0E3FCE2DF011D928A9593
:108E9000E9F70E94920B0C94F20BCF93DF93CDB7BE
:108EA000DEB764970FB6F894DEBF0FBECDBF7894DF
:108EB00084B5826084BD84B5816084BD85B58260DF
:108EC00085BD85B5816085BD80916E008160809390
:108ED0006E001092810080918100826080938100F9
:108EE0008091810081608093810080918000816009
:108EF000809380008091B10084608093B100809164
:108F0000B00081608093B000809191008260809376
:108F100091008091910081608093910080919000F8
:108F20008160809390008091A10082608093A10075
:108F30008091A10081608093A1008091A000816058
:108F40008093A00080912101826080932101809113
:108F500021018160809321018091200181608093B3
:108F6000200180917A00846080937A0080917A0059
:108F7000826080937A0080917A00816080937A0089
:108F800080917A00806880937A001092C1002091CD
:108F90002E2C30912F2C3A8B298B80912C2C909158
:108FA0002D2C9A8389839C8B8B8B1A8619861C8225
:108FB0001B82912C812C712C612C512C412C312C39
:108FC000212CA989BA89E985FA85AE17BF0709F46A
:108FD0008FC0AB89BC8950968D919C915197EB8144
:108FE000FC81E80FF91FFC83EB831296DC9012974B
:108FF0001396EC9013971496FC90149715960C9179
:10900000159716961C9116971796BC91EB89FC89BB
:10901000C084B1842D2D3E2D4F2D502F612F7B2FDD
:109020008C2D9B2DA0E00E94054F09F054F4D12C0B
:109030006DE2E62E71E3F72E01E010E0B0E0C12C06
:10904000B12CDD82EF82FB860C871D87BE87CF8621
:10905000B88A292D382D472D562D652D742D832D39
:10906000922DA0E00E94054F31F1AD80BF80CB84EE
:10907000DC84ED84FE840F851889292D382D472D39
:10908000562D652D742D832D922D0E94494ED22E82
:10909000E32EF42E052F162FB72FF82FE92F9A2C39
:1090A0008B2C7C2C6C845D844E843F842888A0E0CB
:1090B0000E94054FA1F429853A852F5F3F4F3A87DB
:1090C00029878B899C8942969C8B8B8B9D808F8076
:1090D0007B846C845D844E843F84288872CFDD82DB
:1090E000EF82FB860C871D87BE87FF87E88BBDCF8D
:1090F000292D382D472D562D652D742D832D922D1C
:10910000A0E00E94054F59F4912C4DE2842E51E3CA
:10911000752E66246394512C412C312C212C909275
:109120000002809201027092020260920302509249
:109130000402409205023092060220920702AB819F
:10914000BC818FEF9FEFA115E0E4BE0730F4CD01A5
:10915000880F991F009709F4A3C00E94114F9E83A6
:109160008D8390935F0880935E082B813C8121154D
:1091700080E2380708F097C0C901880F991F880F4F
:10918000991F009709F492C00E94114F98878F830E
:109190009093650880936408AB81BC81B0936708A5
:1091A000A09366081C821B821A8A198AE985FA85AF
:1091B0002B813C81E217F30709F48CC0A981BA81A5
:1091C0001296DC9012971396EC9013971496FC90DD
:1091D000149715960C91159716961C91169717963D
:1091E000BC91E981FA81C084B1842D2D3E2D4F2D93
:1091F000502F612F7B2F8C2D9B2DA0E00E94054FBF
:1092000009F044F4292D382D472D562D652D742D48
:10921000832D922DA92CB82CC72CD62CE52CF42C00
:10922000032D122D0E944B4EB22EA32E742F652FAC
:10923000A981BA8150964D915C918A01000F111F4E
:10924000E988FA88EE0CFF1CC988DA88CC0CDD1C92
:10925000CC0CDD1C90E080E00817190751F1A981C2
:10926000BA811E96ED91FC91E80FF91F20813181A2
:10927000F701E80FF91FAD81BE81EA0FFB1F3183B3
:109280002083FC01EE0FFF1FEC0DFD1D2F813885A3
:10929000E20FF31FB082A182728363830296DCCF58
:1092A00081E090E05ACF8FEF9FEF6ECF81E090E0AA
:1092B0006BCF89899A89840F951F9A8B898BAB8193
:1092C000BC811196BC83AB83E981FA817296FA83E3
:1092D000E9836CCF81E08093090280930A021092A7
:1092E0006808809308029FB7F894409173085091E2
:1092F000740860917508709176089FBFE0918D09A0
:10930000F0918E0992E09083E0918909F0918A09A9
:109310001082E0918B09F0918C0990E1908310927A
:109320009509E0919109F091920996E09083E0917E
:109330008F09F0919009908190619083E0918F095D
:10934000F0919009908198609083E0918F09F0915D
:109350009009908190689083E0918F09F091900935
:1093600090819F7D90832DE739E030936A062093AA
:1093700069069FEF909368062EEE32E03093670601
:109380002093660621E43AE0309365062093640654
:109390008093430884E38093460884E180934908DE
:1093A00080934C0888E380934F0890E29093520892
:1093B0008093550887E090E00E94114F90934E08EB
:1093C00080934D08009709F451C0DC01E7E01D923D
:1093D000EA95E9F788E690E00E94114F90934508DE
:1093E00080934408009709F441C028E6DC011D92EF
:1093F0002A95E9F780E590E00E94114F9093480884
:1094000080934708009791F120E5FC0111922A957D
:10941000E9F780EA90E00E94114F90934B08809307
:109420004A08009719F120EADC011D922A95E9F714
:1094300087E090E00E94114F909354088093530866
:109440000097A1F0FC0127E011922A95E9F780E44A
:1094500090E00E94114F909351088093500800971C
:1094600029F020E4DC011D922A95E9F71A8219827D
:1094700009811A81000F111F0D52184FF8018081C8
:109480009181892B49F481E090E00E94114FD8012D
:109490008D939C93FC01108229813A812F5F3F4F6D
:1094A0003A8329832833310519F780914408909134
:1094B00045089A838983E3E9F7E090E080E0219111
:1094C0003191232B41F4DF01129729813A81280F32
:1094D000391F2D933C9302968034910581F710E05B
:1094E00000E0C801880F991FDC01AD5DB84F7D0118
:1094F0008D919C91892B49F481E090E00E94114F5D
:10950000F70191838083DC011C920F5F1F4F0833AA
:10951000110539F72091500830915108E3EEF6E03B
:1095200090E080E041915191452B39F4DF01129791
:10953000A901480F591F4D935C9302968034910501
:1095400089F7EBEBF6E090E080E029813A81205C3E
:109550003F4F3A83298321913191232B41F4DF013D
:10956000129729813A81280F391F2D933C93029637
:109570008832910581F74091470850914808E3E906
:10958000F6E090E080E021913191232B59F4DF0146
:1095900012979C01220F331F220F331F240F351FF8
:1095A0002D933C9301968431910569F740914A08C7
:1095B00050914B08EBE6F6E090E080E0219131918C
:1095C000232B61F4DF0112979C0113E0220F331F5C
:1095D0001A95E1F7240F351F2D933C9301968431A2
:1095E000910561F720910002309101024091020241
:1095F000509103026091040270910502E8EEAE2ED4
:10960000F3E0BF2EC12CD12CE12CF12C00E010E0B6
:1096100080910602909107020E944B4E20936A08A7
:1096200030936B0840936C0850936D080E9450056E
:1096300060936E0870936F08809370089093710820
:10964000992493940E94500500916E0810916F0820
:109650002091700830917108601B710B820B930B85
:1096600000916A0810916B0820916C0830916D0888
:10967000601771078207930708F4EEC080910A0211
:10968000811102C01092680890920A029092090219
:10969000809168088823A9F080910802882371F0DE
:1096A0000E94F20B0E941B2D10926008109261081C
:1096B0001092620810926308109208020E941B2DFB
:1096C0005BC0909208021A8219828091660890917C
:1096D0006708A981BA81A817B907D8F5E09164088D
:1096E000F0916508CD01880F991F880F991FE80F29
:1096F000F91F2081318142815381211531054105B6
:10970000510571F060916008709161088091620864
:10971000909163080E94104E672B682B692B99F477
:10972000E0915E08F0915F0889819A81880F991F06
:10973000E80FF91F80819181DC01ED91FC9104809B
:10974000F581E02D1995E981FA813196FA83E98353
:10975000BCCF8091600890916108A0916208B0919F
:1097600063080196A11DB11D809360089093610864
:10977000A0936208B093630880910802813091F54C
:109780002091560830915708409158085091590837
:1097900060915A0870915B0880915C0890915D0817
:1097A000A0900002B0900102C0900202D09003028B
:1097B000E0900402F0900502009106021091070269
:1097C0000E94DE4E20935608309357084093580865
:1097D0005093590860935A0870935B0880935C0813
:1097E00090935D080E94002F80916908811118C034
:1097F000909269080E94500500916A0810916B08C8
:1098000020916C0830916D08601B710B820B930BDB
:1098100060936E0870936F0880937008909371083E
:1098200080916E0890916F08A0917008B0917108B6
:1098300040916A0850916B0860916C0870916D08B6
:10984000840F951FA61FB71F80936E0890936F0813
:10985000A0937008B09371080E94500500916E08A3
:1098600010916F082091700830917108601B710B86
:10987000820B930B603177428105910510F00E94B5
:10988000002F88950E947E06DDCE5058BB27AA2760
:109890000E945D4C0C94644D0E94564D38F00E941D
:1098A0005D4D20F039F49F3F19F426F40C94534D8C
:1098B0000EF4E095E7FB0C944D4DE92F0E94754D99
:1098C00058F3BA17620773078407950720F079F4F5
:1098D000A6F50C94974D0EF4E0950B2EBA2FA02D03
:1098E0000B01B90190010C01CA01A0011124FF274D
:1098F000591B99F0593F50F4503E68F11A16F04048
:10990000A22F232F342F4427585FF3CF4695379546
:109910002795A795F0405395C9F77EF41F16BA0B0B
:10992000620B730B840BBAF09150A1F0FF0FBB1FB9
:10993000661F771F881FC2F70EC0BA0F621F731F02
:10994000841F48F4879577956795B795F7959E3F5F
:1099500008F0B0CF9395880F08F09927EE0F9795F0
:10996000879508950E94294D08F481E008950E948A
:10997000CB4C0C94644D0E945D4D58F00E94564DA6
:1099800040F029F45F3F29F00C944D4D51110C9497
:10999000984D0C94534D0E94754D68F39923B1F383
:1099A000552391F3951B550BBB27AA276217730705
:1099B000840738F09F5F5F4F220F331F441FAA1F99
:1099C000A9F335D00E2E3AF0E0E832D09150504055
:1099D000E695001CCAF72BD0FE2F29D0660F771F03
:1099E000881FBB1F261737074807AB07B0E809F0E9
:1099F000BB0B802DBF01FF2793585F4F3AF09E3F6E
:109A0000510578F00C944D4D0C94984D5F3FE4F364
:109A1000983ED4F3869577956795B795F7959F5FB0
:109A2000C9F7880F911D9695879597F90895E1E0FC
:109A3000660F771F881FBB1F621773078407BA075B
:109A400020F0621B730B840BBA0BEE1F88F7E095B6
:109A50000895990F0008550FAA0BE0E8FEEF1616BF
:109A60001706E807F907C0F012161306E407F50712
:109A700098F0621B730B840B950B39F40A2661F086
:109A8000232B242B252B21F408950A2609F4A14029
:109A9000A6958FEF811D811D089597F99F6780E836
:109AA00070E060E008959FEF80EC089500240A9430
:109AB0001616170618060906089500240A941216A9
:109AC0001306140605060895092E0394000C11F4DC
:109AD000882352F0BB0F40F4BF2B11F460FF04C089
:109AE0006F5F7F4F8F4F9F4F089557FD9058440FE2
:109AF000551F59F05F3F71F04795880F97FB991FED
:109B000061F09F3F79F087950895121613061406A9
:109B1000551FF2CF4695F1DF08C016161706180636
:109B2000991FF1CF86957105610508940895E89411
:109B3000BB2766277727CB0197F908950E94294D07
:109B400008F48FEF08950E94B64D0C94644D0E9466
:109B5000564D38F00E945D4D20F0952311F00C9485
:109B60004D4D0C94534D11240C94984D0E94754DFD
:109B700070F3959FC1F3950F50E0551F629FF00160
:109B8000729FBB27F00DB11D639FAA27F00DB11D79
:109B9000AA1F649F6627B00DA11D661F829F222702
:109BA000B00DA11D621F739FB00DA11D621F839F89
:109BB000A00D611D221F749F3327A00D611D231F5F
:109BC000849F600D211D822F762F6A2F11249F57AD
:109BD00050409AF0F1F088234AF0EE0FFF1FBB1FB0
:109BE000661F771F881F91505040A9F79E3F51056F
:109BF00080F00C944D4D0C94984D5F3FE4F3983EEB
:109C0000D4F3869577956795B795F795E7959F5F18
:109C1000C1F7FE2B880F911D9695879597F90895AA
:109C2000A1E21A2EAA1BBB1BFD010DC0AA1FBB1F60
:109C3000EE1FFF1FA217B307E407F50720F0A21BD2
:109C4000B30BE40BF50B661F771F881F991F1A943F
:109C500069F760957095809590959B01AC01BD0169
:109C6000CF010895EE0FFF1F881F8BBF0790F6915D
:109C7000E02D1994A29FB001B39FC001A39F700D66
:109C8000811D1124911DB29F700D811D1124911D04
:109C90000895689401C0E8948F929F92CF93DF93C8
:109CA0000E94574EDF91CF919F908F900895882406
:109CB0009924F401E401B0E49F93AA279A158B0438
:109CC0009C04ED05FE05CF05D007A10798F4AD2F44
:109CD000DC2FCF2FFE2FE92D982C892E982F872F40
:109CE000762F652F542F432F322F2227B85031F76C
:109CF000BF9127C01B2EBF91BB27220F331F441FCC
:109D0000551F661F771F881F991F881C991CEE1FFF
:109D1000FF1FCC1FDD1FAA1FBB1F8A149B04EC056D
:109D2000FD05CE05DF05A007B10748F08A189B089E
:109D3000EC09FD09CE09DF09A00BB10B21601A94D3
:109D4000E1F62EF49401AF01BE01CD01000C08959F
:109D5000002E083090F0982F872F762F652F542FE4
:109D6000432F322F22270850F4CF220F331F441FD6
:109D7000551F661F771F881F991F0A95B2F7002D80
:109D8000089597FD1094002E083098F00850232F66
:109D9000342F452F562F672F782F892F912DF4CFF1
:109DA0001594979587957795679557954795379526
:109DB00027950A95AAF71124002D08952A0D3B1D19
:109DC0004C1D5D1D6E1D7F1D801F911F0895002479
:109DD000A7FD00942A0F301D401D501D601D701DF1
:109DE000801D901D08952A193B094C095D096E09D3
:109DF0007F09800B910B08952A153B054C055D05E5
:109E00006E057F058007910708950024A7FD009443
:109E10002A1730054005500560057005800590053E
:109E200008950F931F93CF93DF938230910510F421
:109E300082E090E0E091D32DF091D42D30E020E04D
:109E4000B0E0A0E0309799F42115310509F44AC03B
:109E5000281B390B24303105D8F58A819B81611587
:109E6000710589F1FB0193838283FE0111C040815A
:109E700051810281138148175907E0F048175907AB
:109E800099F4109761F012960C93129713961C9305
:109E90003296CF01DF91CF911F910F9108950093DA
:109EA000D32D1093D42DF4CF2115310551F0421745
:109EB000530738F0A901DB019A01BD01DF01F80168
:109EC000C1CFEF01F9CF9093D42D8093D32DCDCF77
:109ED000FE01E20FF31F81939193225031093983E0
:109EE0002883D7CF2091D12D3091D22D232B41F42F
:109EF00020910D0230910E023093D22D2093D12D5E
:109F000020910B0230910C022115310541F42DB73F
:109F10003EB740910F0250911002241B350BE09187
:109F2000D12DF091D22DE217F307A0F42E1B3F0B99
:109F30002817390778F0AC014E5F5F4F24173507BB
:109F400048F04E0F5F1F5093D22D4093D12D819337
:109F500091939FCFF0E0E0E09CCFCF93DF93009709
:109F6000E9F0FC01329713821282A091D32DB091B7
:109F7000D42DED0130E020E01097A1F42081318153
:109F8000820F931F2091D12D3091D22D28173907A0
:109F900009F061C0F093D22DE093D12DDF91CF91E4
:109FA0000895EA01CE17DF07E8F54A815B819E013B
:109FB00041155105B1F7E901FB83EA8349915991B4
:109FC000C40FD51FEC17FD0761F4808191810296C3
:109FD000840F951FE90199838883828193819B83F4
:109FE0008A83F0E0E0E012968D919C9113970097A0
:109FF000B9F52D913C911197CD010296820F931FD7
:10A000002091D12D3091D22D2817390739F630976C
:10A0100051F51092D42D1092D32DB093D22DA09340
:10A02000D12DBCCFD383C28340815181840F951F32
:10A03000C817D90761F44E5F5F4F88819981480F37
:10A04000591F518340838A819B8193838283211589
:10A05000310509F0B0CFF093D42DE093D32D9ECFEE
:10A06000FD01DC01C0CF13821282D7CFFB01DC01DE
:10A0700002C001900D9241505040D8F70895DC0184
:10A0800001C06D9341505040E0F70895F894FFCF20
:10A09000002D3101000000000101010000D52D80DC
:10A0A0000000C0C101C30302C2C60607C705C5C47C
:10A0B00004CC0C0DCD0FCFCE0E0ACACB0BC90908AC
:10A0C000C8D81819D91BDBDA1A1EDEDF1FDD1D1CEC
:10A0D000DC14D4D515D71716D6D21213D311D1D07C
:10A0E00010F03031F133F3F23236F6F737F535341C
:10A0F000F43CFCFD3DFF3F3EFEFA3A3BFB39F9F8EC
:10A100003828E8E929EB2B2AEAEE2E2FEF2DEDEC8B
:10A110002CE42425E527E7E62622E2E323E12120BB
:10A12000E0A06061A163A3A26266A6A767A56564BB
:10A13000A46CACAD6DAF6F6EAEAA6A6BAB69A9A82B
:10A140006878B8B979BB7B7ABABE7E7FBF7DBDBC6B
:10A150007CB47475B577B7B67672B2B373B17170FB
:10A16000B05090915193535292965657975595945B
:10A17000549C5C5D9D5F9F9E5E5A9A9B5B9959586B
:10A1800098884849894B8B8A4A4E8E8F4F8D4D4C0B
:10A190008C4484854587474686824243834181803B
:10A1A0004000C1814001C0804101C0804100C181A7
:10A1B0004001C0804100C1814000C1814001C08098
:10A1C0004101C0804100C1814000C1814001C08087
:10A1D0004100C1814001C0804101C0804100C18176
:10A1E0004001C0804100C1814000C1814001C08068
:10A1F0004100C1814001C0804101C0804100C18156
:10A200004000C1814001C0804101C0804100C18146
:10A210004001C0804100C1814000C1814001C08037
:10A220004101C0804100C1814000C1814001C08026
:10A230004100C1814001C0804101C0804100C18115
:10A240004000C1814001C0804101C0804100C18106
:10A250004001C0804100C1814000C1814001C080F7
:10A260004100C1814001C0804101C0804100C181E5
:10A270004001C0804100C1814000C1814001C080D7
:10A280004101C0804100C1814000C1814001C080C6
:10A290004100C1814001C0804101C0804100C181B5
:10A2A000408E2E530B122D812E01770B740B6A0BEF
:10A2B000610B01590B560B490B400B01350B0F0B72
:10A2C0002B0B200B02150B120B020BF70A02E20AF2
:10A2D0003509CF0AC00A04AB0AA80A950A860A04FF
:10A2E0005C0ADD09300A0D0A08E309E009B1098EAC
:10A2F0000908790976096A095009043B09380929CE
:10A30000090F0904590B560B490B400B01150B1291
:10A310000B020BF70A02AB0AA80A950A860A04E3A5
:10A3200009E009B1098E09085C0ADD09300A0D0A45
:10A33000085C0ADD09300A0D0A085C0ADD09300AEA
:10A340000D0A085C0ADD09300A0D0A084E3B7C2E16
:10A35000973B0C3B7FC02DBC2DA13A1F2EFD00006A
:10A3600000000000000000000000000000000000ED
:10A3700000000000000000000000000000000000DD
:10A3800000000000000000000000000000000000CD
:10A3900000000000000000000000000000000000BD
:10A3A00000004B07083B00000000B206FA3A00002C
:10A3B0000000D206F83A00000000B206F63A0000AB
:10A3C0000000B006F43AB1064707440743074307C5
:10A3D0003807000000001807043BF415470744073E
:10A3E000430743073807000000004A07063B000008
:10A3F00000001607003BBF244707440743074307F5
:10A400003807000000001707023BCE134707440738
:10A41000430743073807000000001407FC3AE51C17
:10A4200047074407430743073807000000001507A4
:10A43000FE3A8C23470744074307430738070000C9
:10A440000000AF06F23AAF1347074407430743073C
:10A450003807000000004C070A3B800778057505A7
:10A460000000000011067B05A8055E06D905B705AA
:10A47000CB05434F4E46494730005341464554595A
:10A480005F5441534B00434F4E54524F4C5F544125
:10A49000534B00414E414C4F475F5441534B004298
:10A4A000415443485F5441534B00414C41524D5F2E
:10A4B0005441534B00484D495F5441534B00524562
:10A4C000533000504C43003831643162386264626A
:10A4D00030626437633737666636616561343138B8
:0EA4E0006662323163363300342E322E37007E
:00000001FF
